"Tabela 647 - Custo de projeto m², por tipo de projeto e padrão de acabamento"
"Variável - Custo de projeto m² (Reais)"
"Unidade da Federação - Minas Gerais"
"Padrão de acabamento - Baixo"
"Mês";"Tipo de projeto"
"Mês";"CP.1-2Q.....46 Casa popular, 1 pavimento, varanda, sala, 2 quartos, circulação, banheiro e cozinha";"CP.1-2Q.....40 Casa popular, 1 pavimento, sala, 2 quartos, circulação, banheiro e cozinha";"CR.1-2Q.....62 Casa residencial, 1 pavimento, varanda, sala,2 quartos, circulação, banheiro, cozinha, área de serviço, quarto e WC de empregada";"CR.1-3Q....104 Casa residencial, 1 pavimento, varanda, sala,3 quartos, circulação, banheiro, lavabo, cozinha, área de serviço, quarto e WC de empregada";"CR.1-4Q....122 Casa residencial, 1 pavimento, varanda, sala,4 quartos, circulação, 2 banheiros, cozinha, área de serviço, quarto e WC de empregada";"EA.1-US.....04 Especificação tipo ""A"", 1 pavimento, somente unidade sanitária";"EB.1-US.....03 Especificação tipo ""B"", 1 pavimento, somente unidade sanitária";"EA.1-0Q.....22 Especificação tipo ""A"", 1 pavimento, sala, cozinha e banheiro";"EB.1-0Q.....22 Especificação tipo ""B"", 1 pavimento, sala, cozinha e banheiro";"EA.1-1Q.....30 Especificação tipo ""A"", 1 pavimento, sala, 1 quarto, cozinha e banheiro";"EB.1-1Q.....32 Especificação tipo ""B"", 1 pavimento, sala, 1 quarto, cozinha e banheiro";"EA.2-2Q.....38 Especificação tipo ""A"", 1 pavimento, sala, 2 quartos, cozinha e banheiro";"EB.1-2Q.....39 Especificação tipo ""B"", 1 pavimento, sala, 2 quartos, cozinha e banheiro";"EB.2-2Q.....45 Especificação tipo ""B"", 2 pavimentos, sala, 2 quartos, cozinha e banheiro";"CP.1-1Q.....30 Casa popular, 1 pavimento, sala, 1 quarto, circulação, banheiro e cozinha";"CP.2-3Q.....56 Casa popular, 2 pavimentos, sala, 3 quartos, circulação, banheiro e cozinha";"CR.2-2Q.....81 Casa residencial, geminada, 2 pavimentos, sala, 2 quartos, circulação, banheiro, cozinha, área de serviço, quarto e WC de empregada";"PR5-2QT...2125 Prédio residencial, térreo, 5 pavimentos tipo, sala, 2 quartos, banheiro, cozinha e área de serviço";"PR4-2QT...1433 Prédio residencial, térreo, 4 pavimentos tipo, sala, 2 quartos, circulação, banheiro, cozinha, área de serviço, quarto e WC de empregada";"PR4-3QT...2264 Prédio residencial, térreo, 4 pavimentos tipo, sala, 3 quartos, circulação, banheiro, lavabo, cozinha, área de serviço, quarto e WC de empregada";"PR4-2QP...1643 Prédio residencial, pilotis, 4 pavimentos tipo, sala, 2 quartos, circulação, banheiro, cozinha, área de serviço, quarto e WC de empregada";"PR4-3QP...2520 Prédio residencial, pilotis, 4 pavimentos tipo, sala, 3 quartos, circulação, banheiro, lavabo, cozinha, área de serviço, quarto e WC de empregada";"PR6-3QP...7181 Prédio residencial, pilotis, 6 pavimentos tipo, sala, 3 quartos, circulação, 2 banheiros, copa-cozinha, área de serviço, quarto e WC de empregada";"PR8-2QP...2620 Prédio residencial, pilotis, 8 pavimentos tipo, sala, 2 quartos, circulação, banheiro, cozinha, área de serviço, quarto e WC de empregada";"PR8-3QP...4266 Prédio residencial, pilotis, 8 pavimentos tipo, sala, 3 quartos, circulação, banheiro, lavabo, cozinha, área de serviço, quarto e WC de empregada";"PR8-3QP...3176 Prédio residencial, pilotis, 8 pavimentos tipo, 2 salas, 3 quartos, circulação, 2 banheiros, lavabo, copa-cozinha, área de serviço, quarto e WC de empregada";"PR12-2QP..3597 Prédio residencial, pilotis, 12 pavimentos tipo, sala, 2 quartos, circulação, banheiro, cozinha, área de serviço, quarto e WC de empregada";"PR12-3QP..6013 Prédio residencial, pilotis, 12 pavimentos tipo, sala, 3 quartos, circulação, banheiro, lavabo, cozinha, área de serviço, quarto e WC de empregada";"PR12-4QP..4050 Prédio residencial, pilotis, 12 pavimentos tipo, sala, 4 quartos, circulação, 2 banheiros, lavabo, copa-cozinha, área de serviço, quarto e WC de empregada";"PR18-4QP..5870 Prédio residencial, pilotis, 18 pavimentos tipo, sala, 4 quartos, circulação, 2 banheiros, lavabo, copa-cozinha, área de serviço, quarto e WC de empregada";"PC.12-LA..8192 Prédio comercial, 12 pavimentos, lojas e salas autônomas";"PC.18-LA.11072 Prédio comercial, 18 pavimentos, lojas e salas autônomas";"PC.12-LC..6862 Prédio comercial, 12 pavimentos, lojas e andar corrido";"PC.18-LC.10111 Prédio comercial, 18 pavimentos, lojas e andar corrido";"CB-M........31 Projeto-tipo cesta básica, materiais, sala, quarto, circulação, banheiro e cozinha";"CB-MMIN.....23 Projeto-tipo cesta básica, materiais mínimos, sala, circulação, banheiro e cozinha";"CB-M........23 Projeto-tipo cesta básica, materiais, sala, circulação, banheiro e cozinha";"CB-MMO......31 Projeto-tipo cesta básica, materiais e mão-de-obra, sala, quarto, circulação, banheiro e cozinha";"CB-MMO......23 Projeto-tipo cesta básica, materiais e mão-de-obra, sala, circulação, banheiro e cozinha"
"janeiro 1999";"194,95";"218,66";"223,02";"184,23";"173,16";"-";"-";"262,91";"261,76";"235,12";"239,54";"211,79";"224,64";"213,99";"236,63";"215,25";"186,72";"165,00";"218,24";"197,89";"193,10";"181,44";"-";"-";"-";"-";"-";"-";"-";"-";"-";"-";"-";"-";"-";"-";"-";"-";"-"
"fevereiro 1999";"199,42";"223,76";"228,07";"188,36";"177,00";"-";"-";"268,36";"267,30";"239,89";"244,40";"216,00";"229,08";"218,55";"242,19";"220,12";"190,87";"168,81";"223,36";"202,45";"197,58";"185,57";"-";"-";"-";"-";"-";"-";"-";"-";"-";"-";"-";"-";"-";"-";"-";"-";"-"
"março 1999";"204,46";"229,42";"233,68";"193,23";"181,62";"-";"-";"274,20";"273,65";"245,27";"250,40";"220,89";"234,76";"224,43";"248,11";"226,31";"195,81";"171,55";"228,55";"207,21";"202,12";"190,02";"-";"-";"-";"-";"-";"-";"-";"-";"-";"-";"-";"-";"-";"-";"-";"-";"-"
"abril 1999";"204,83";"229,86";"234,28";"193,65";"182,00";"-";"-";"276,10";"275,24";"246,84";"251,77";"222,25";"236,00";"225,37";"248,71";"227,06";"196,68";"171,82";"228,84";"207,45";"202,37";"190,22";"-";"-";"-";"-";"-";"-";"-";"-";"-";"-";"-";"-";"-";"-";"-";"-";"-"
"maio 1999";"205,57";"230,70";"235,29";"194,38";"182,70";"-";"-";"278,47";"277,10";"248,79";"253,49";"223,94";"237,62";"226,84";"249,65";"228,23";"198,05";"174,69";"231,68";"210,20";"205,11";"192,82";"-";"-";"-";"-";"-";"-";"-";"-";"-";"-";"-";"-";"-";"-";"-";"-";"-"
"junho 1999";"204,50";"229,53";"233,67";"193,24";"181,65";"-";"-";"275,94";"275,32";"246,93";"251,99";"222,53";"236,29";"225,55";"248,32";"226,73";"196,45";"174,28";"230,83";"209,34";"204,27";"191,93";"-";"-";"-";"-";"-";"-";"-";"-";"-";"-";"-";"-";"-";"-";"-";"-";"-"
"julho 1999";"204,92";"229,94";"234,13";"193,58";"181,95";"-";"-";"276,51";"275,78";"247,37";"252,39";"222,85";"236,61";"225,71";"248,79";"227,32";"196,83";"173,97";"230,92";"209,46";"204,40";"192,09";"-";"-";"-";"-";"-";"-";"-";"-";"-";"-";"-";"-";"-";"-";"-";"-";"-"
"agosto 1999";"205,60";"230,72";"234,97";"194,23";"182,56";"-";"-";"277,61";"276,75";"248,29";"253,26";"223,65";"237,45";"226,62";"249,66";"228,11";"197,61";"173,81";"230,99";"209,41";"204,42";"192,05";"-";"-";"-";"-";"-";"-";"-";"-";"-";"-";"-";"-";"-";"-";"-";"-";"-"
"setembro 1999";"205,95";"231,07";"235,27";"194,57";"182,84";"-";"-";"280,87";"279,46";"251,03";"255,76";"226,01";"239,82";"228,87";"250,17";"229,28";"198,73";"176,68";"233,59";"211,96";"207,05";"194,64";"-";"-";"-";"-";"-";"-";"-";"-";"-";"-";"-";"-";"-";"-";"-";"-";"-"
"outubro 1999";"207,30";"232,54";"236,67";"195,78";"184,00";"-";"-";"284,08";"282,23";"253,66";"258,23";"228,24";"242,14";"230,93";"251,86";"230,91";"200,39";"178,80";"235,53";"213,77";"209,00";"196,48";"-";"-";"-";"-";"-";"-";"-";"-";"-";"-";"-";"-";"-";"-";"-";"-";"-"
"novembro 1999";"211,31";"237,00";"241,04";"199,44";"187,48";"-";"-";"290,43";"287,89";"259,10";"263,31";"233,05";"246,90";"235,25";"256,77";"235,40";"204,65";"183,06";"240,68";"218,50";"213,65";"200,85";"-";"-";"-";"-";"-";"-";"-";"-";"-";"-";"-";"-";"-";"-";"-";"-";"-"
"dezembro 1999";"214,04";"240,01";"244,07";"202,06";"190,01";"-";"-";"293,37";"290,37";"261,67";"265,62";"235,34";"249,13";"237,22";"259,92";"238,00";"207,12";"184,76";"242,99";"220,68";"215,80";"202,91";"-";"-";"-";"-";"-";"-";"-";"-";"-";"-";"-";"-";"-";"-";"-";"-";"-"
"janeiro 2000";"224,18";"251,18";"255,05";"211,60";"199,02";"-";"-";"300,41";"297,90";"267,60";"272,27";"240,21";"255,09";"243,18";"271,79";"248,93";"216,15";"191,51";"253,48";"230,15";"225,03";"211,54";"-";"-";"-";"-";"-";"-";"-";"-";"-";"-";"-";"-";"-";"-";"-";"-";"-"
"fevereiro 2000";"225,06";"252,20";"256,14";"212,42";"199,78";"-";"-";"301,46";"298,86";"268,52";"273,14";"241,02";"255,88";"243,97";"272,84";"250,41";"217,54";"192,57";"255,06";"231,70";"226,52";"213,00";"-";"-";"-";"-";"-";"-";"-";"-";"-";"-";"-";"-";"-";"-";"-";"-";"-"
"março 2000";"227,41";"254,63";"258,89";"214,92";"202,22";"-";"-";"302,42";"299,87";"269,78";"274,41";"242,42";"257,30";"245,10";"275,14";"252,48";"219,53";"193,88";"257,06";"233,59";"228,22";"214,66";"-";"-";"-";"-";"-";"-";"-";"-";"-";"-";"-";"-";"-";"-";"-";"-";"-"
"abril 2000";"228,69";"256,05";"260,46";"216,19";"203,40";"-";"-";"303,25";"300,56";"270,45";"275,00";"242,98";"257,84";"245,61";"276,66";"253,71";"220,62";"194,31";"258,07";"234,55";"229,05";"215,49";"-";"-";"-";"-";"-";"-";"-";"-";"-";"-";"-";"-";"-";"-";"-";"-";"-"
"maio 2000";"229,56";"256,99";"261,21";"216,97";"204,14";"-";"-";"304,01";"301,29";"271,16";"275,67";"243,65";"258,51";"246,08";"277,68";"254,43";"221,22";"194,17";"258,37";"234,80";"229,26";"215,69";"-";"-";"-";"-";"-";"-";"-";"-";"-";"-";"-";"-";"-";"-";"-";"-";"-"
"junho 2000";"230,24";"257,73";"262,21";"217,51";"204,66";"-";"-";"304,68";"301,93";"271,79";"276,28";"244,23";"259,07";"246,52";"278,47";"254,99";"221,58";"194,52";"258,74";"235,11";"229,57";"215,94";"-";"-";"-";"-";"-";"-";"-";"-";"-";"-";"-";"-";"-";"-";"-";"-";"-"
"julho 2000";"230,72";"258,26";"262,78";"217,94";"205,06";"-";"-";"305,32";"302,53";"272,39";"276,85";"244,76";"259,59";"246,89";"279,05";"255,42";"221,91";"194,78";"258,94";"235,30";"229,74";"216,11";"-";"-";"-";"-";"-";"-";"-";"-";"-";"-";"-";"-";"-";"-";"-";"-";"-"
"agosto 2000";"231,52";"259,14";"263,72";"218,83";"205,85";"-";"-";"306,17";"303,28";"273,04";"277,47";"245,28";"260,14";"247,48";"280,04";"256,23";"222,75";"195,31";"259,82";"236,18";"230,41";"216,85";"-";"-";"-";"-";"-";"-";"-";"-";"-";"-";"-";"-";"-";"-";"-";"-";"-"
"setembro 2000";"231,61";"259,24";"263,67";"218,87";"205,90";"-";"-";"306,68";"303,70";"273,47";"277,86";"245,68";"260,52";"247,77";"280,16";"256,35";"222,86";"195,53";"259,95";"236,30";"230,54";"216,97";"-";"-";"-";"-";"-";"-";"-";"-";"-";"-";"-";"-";"-";"-";"-";"-";"-"
"outubro 2000";"231,07";"258,66";"263,22";"218,43";"205,46";"-";"-";"306,39";"303,25";"273,30";"277,45";"245,58";"260,09";"247,32";"279,57";"255,76";"222,34";"195,00";"259,57";"235,90";"230,09";"216,40";"-";"-";"-";"-";"-";"-";"-";"-";"-";"-";"-";"-";"-";"-";"-";"-";"-"
"novembro 2000";"231,33";"258,93";"263,41";"218,69";"205,70";"-";"-";"306,61";"303,48";"273,54";"277,68";"245,82";"260,34";"247,54";"279,83";"255,97";"222,56";"195,19";"259,81";"236,13";"230,31";"216,62";"-";"-";"-";"-";"-";"-";"-";"-";"-";"-";"-";"-";"-";"-";"-";"-";"-"
"dezembro 2000";"232,73";"260,45";"265,10";"220,05";"206,97";"-";"-";"308,11";"304,92";"274,81";"279,00";"246,89";"261,55";"248,55";"281,49";"257,26";"223,58";"195,95";"260,53";"236,80";"230,88";"217,25";"-";"-";"-";"-";"-";"-";"-";"-";"-";"-";"-";"-";"-";"-";"-";"-";"-"
"janeiro 2001";"241,04";"269,88";"274,69";"227,97";"214,38";"-";"-";"319,67";"316,70";"285,17";"289,84";"256,18";"271,65";"259,00";"291,61";"267,31";"232,08";"202,89";"270,51";"245,95";"239,78";"225,66";"-";"-";"-";"-";"-";"-";"-";"-";"-";"-";"-";"-";"-";"-";"-";"-";"-"
"fevereiro 2001";"242,63";"271,71";"276,48";"229,49";"215,79";"-";"-";"322,04";"318,88";"287,21";"291,72";"257,99";"273,36";"260,83";"293,65";"268,82";"233,57";"204,06";"271,93";"247,21";"240,99";"226,75";"-";"-";"-";"-";"-";"-";"-";"-";"-";"-";"-";"-";"-";"-";"-";"-";"-"
"março 2001";"240,12";"268,90";"274,11";"227,05";"213,19";"-";"-";"324,25";"320,95";"289,30";"293,74";"259,91";"275,31";"262,69";"291,05";"268,04";"232,13";"204,99";"272,49";"247,50";"241,52";"227,12";"-";"-";"-";"-";"-";"-";"-";"-";"-";"-";"-";"-";"-";"-";"-";"-";"-"
"abril 2001";"240,88";"269,82";"275,17";"227,88";"213,96";"-";"-";"325,06";"321,77";"290,09";"294,54";"260,69";"276,12";"263,52";"291,97";"269,17";"233,27";"206,11";"274,06";"248,86";"242,95";"228,37";"-";"-";"-";"-";"-";"-";"-";"-";"-";"-";"-";"-";"-";"-";"-";"-";"-"
"maio 2001";"240,93";"269,94";"275,33";"227,91";"213,95";"-";"-";"325,42";"322,06";"290,29";"294,74";"260,77";"276,23";"264,10";"292,18";"269,75";"233,77";"206,77";"275,06";"249,72";"243,83";"229,17";"-";"-";"-";"-";"-";"-";"-";"-";"-";"-";"-";"-";"-";"-";"-";"-";"-"
"junho 2001";"242,37";"271,51";"276,74";"229,24";"215,25";"-";"-";"327,95";"324,24";"292,56";"296,76";"262,86";"278,17";"265,67";"293,85";"271,25";"235,23";"208,79";"277,31";"251,80";"245,92";"231,09";"-";"-";"-";"-";"-";"-";"-";"-";"-";"-";"-";"-";"-";"-";"-";"-";"-"
"julho 2001";"244,44";"273,86";"279,47";"231,24";"217,08";"-";"-";"330,89";"327,00";"295,19";"299,35";"265,19";"280,57";"268,15";"296,38";"273,55";"237,18";"210,41";"279,20";"253,50";"247,50";"232,61";"-";"-";"-";"-";"-";"-";"-";"-";"-";"-";"-";"-";"-";"-";"-";"-";"-"
"agosto 2001";"245,32";"274,84";"280,39";"232,11";"217,93";"-";"-";"332,86";"328,48";"296,81";"300,72";"266,59";"281,89";"269,36";"297,43";"274,95";"238,61";"212,30";"281,35";"255,54";"249,65";"234,67";"-";"-";"-";"-";"-";"-";"-";"-";"-";"-";"-";"-";"-";"-";"-";"-";"-"
"setembro 2001";"247,34";"277,10";"282,82";"234,01";"219,72";"-";"-";"336,33";"331,37";"299,73";"303,44";"269,08";"284,41";"271,93";"299,82";"277,47";"240,88";"214,61";"283,83";"257,90";"251,86";"236,88";"-";"-";"-";"-";"-";"-";"-";"-";"-";"-";"-";"-";"-";"-";"-";"-";"-"
"outubro 2001";"247,73";"277,54";"283,16";"234,38";"220,08";"-";"-";"336,99";"331,79";"300,27";"303,80";"269,57";"284,76";"272,29";"300,27";"277,86";"241,31";"215,46";"284,81";"258,75";"252,77";"237,66";"-";"-";"-";"-";"-";"-";"-";"-";"-";"-";"-";"-";"-";"-";"-";"-";"-"
"novembro 2001";"247,57";"277,37";"283,00";"234,26";"219,95";"-";"-";"336,93";"331,65";"300,18";"303,67";"269,47";"284,65";"272,32";"300,08";"277,93";"241,40";"215,67";"285,15";"259,02";"253,09";"237,92";"-";"-";"-";"-";"-";"-";"-";"-";"-";"-";"-";"-";"-";"-";"-";"-";"-"
"dezembro 2001";"258,01";"289,12";"294,89";"244,18";"229,26";"-";"-";"350,82";"346,14";"312,59";"316,98";"280,53";"297,02";"284,80";"312,74";"290,45";"251,69";"224,48";"297,73";"270,58";"264,35";"248,66";"-";"-";"-";"-";"-";"-";"-";"-";"-";"-";"-";"-";"-";"-";"-";"-";"-"
"janeiro 2002";"259,89";"291,17";"297,03";"245,99";"230,99";"-";"-";"355,39";"350,33";"316,68";"320,96";"284,28";"300,88";"287,52";"315,01";"293,32";"254,29";"226,81";"300,33";"273,01";"266,85";"251,10";"-";"-";"-";"-";"-";"-";"-";"-";"-";"-";"-";"-";"-";"-";"-";"-";"-"
"fevereiro 2002";"261,06";"292,45";"298,30";"246,98";"231,91";"-";"-";"356,73";"351,62";"317,77";"322,06";"285,20";"301,88";"288,43";"316,48";"294,14";"255,00";"227,20";"300,65";"273,22";"267,13";"251,34";"-";"-";"-";"-";"-";"-";"-";"-";"-";"-";"-";"-";"-";"-";"-";"-";"-"
"março 2002";"263,98";"295,40";"301,03";"249,62";"234,49";"-";"-";"358,07";"353,02";"319,14";"323,40";"286,53";"303,19";"289,13";"319,53";"296,15";"256,80";"228,46";"301,88";"274,46";"268,06";"252,30";"-";"-";"-";"-";"-";"-";"-";"-";"-";"-";"-";"-";"-";"-";"-";"-";"-"
"abril 2002";"265,22";"296,79";"302,47";"250,74";"235,54";"-";"-";"359,54";"354,35";"320,47";"324,63";"287,69";"304,28";"290,08";"321,08";"297,37";"257,78";"229,46";"303,04";"275,57";"269,09";"253,31";"-";"-";"-";"-";"-";"-";"-";"-";"-";"-";"-";"-";"-";"-";"-";"-";"-"
"maio 2002";"265,14";"296,70";"302,46";"250,63";"235,42";"-";"-";"360,01";"354,74";"320,79";"324,94";"287,92";"304,52";"290,49";"321,09";"297,58";"257,98";"230,17";"303,93";"276,39";"269,96";"254,10";"-";"-";"-";"-";"-";"-";"-";"-";"-";"-";"-";"-";"-";"-";"-";"-";"-"
"junho 2002";"266,87";"298,62";"304,24";"252,30";"237,08";"-";"-";"360,02";"354,76";"320,75";"324,92";"287,86";"304,50";"290,67";"323,02";"298,62";"259,01";"230,05";"304,08";"276,52";"269,95";"254,13";"-";"-";"-";"-";"-";"-";"-";"-";"-";"-";"-";"-";"-";"-";"-";"-";"-"
"julho 2002";"270,56";"302,75";"308,03";"255,88";"240,63";"-";"-";"359,80";"354,85";"320,51";"324,86";"287,59";"304,40";"290,85";"327,20";"300,73";"261,23";"229,06";"304,05";"276,50";"269,68";"253,92";"-";"-";"-";"-";"-";"-";"-";"-";"-";"-";"-";"-";"-";"-";"-";"-";"-"
"agosto 2002";"273,12";"305,67";"310,78";"258,38";"243,11";"-";"-";"362,36";"356,88";"322,73";"326,73";"289,61";"306,20";"292,54";"330,18";"303,22";"263,98";"231,31";"307,05";"279,32";"272,54";"256,57";"-";"-";"-";"-";"-";"-";"-";"-";"-";"-";"-";"-";"-";"-";"-";"-";"-"
"setembro 2002";"276,25";"309,09";"313,92";"261,39";"246,09";"-";"-";"365,44";"359,68";"325,36";"329,30";"291,97";"308,71";"294,00";"333,77";"306,42";"267,15";"231,35";"308,05";"280,28";"273,47";"257,59";"-";"-";"-";"-";"-";"-";"-";"-";"-";"-";"-";"-";"-";"-";"-";"-";"-"
"outubro 2002";"280,32";"313,73";"319,04";"265,39";"249,83";"-";"-";"370,49";"364,59";"330,30";"334,17";"296,66";"313,45";"298,70";"338,55";"310,59";"270,67";"234,10";"311,51";"283,22";"276,46";"260,27";"-";"-";"-";"-";"-";"-";"-";"-";"-";"-";"-";"-";"-";"-";"-";"-";"-"
"novembro 2002";"287,49";"321,78";"326,95";"272,03";"256,18";"-";"-";"380,51";"375,17";"339,54";"343,98";"305,32";"322,86";"307,04";"347,22";"318,84";"278,13";"238,83";"318,12";"288,80";"281,96";"265,13";"-";"-";"-";"-";"-";"-";"-";"-";"-";"-";"-";"-";"-";"-";"-";"-";"-"
"dezembro 2002";"305,89";"342,39";"348,17";"289,72";"272,74";"-";"-";"404,03";"400,65";"360,68";"367,43";"324,35";"344,84";"328,36";"369,49";"341,00";"297,08";"251,48";"337,23";"306,14";"298,78";"281,07";"-";"-";"-";"-";"-";"-";"-";"-";"-";"-";"-";"-";"-";"-";"-";"-";"-"
"janeiro 2003";"315,37";"352,91";"358,52";"298,61";"281,32";"-";"-";"416,35";"410,24";"371,48";"376,36";"333,84";"353,12";"336,26";"380,51";"350,07";"305,40";"260,35";"347,28";"315,73";"307,96";"289,87";"-";"-";"-";"-";"-";"-";"-";"-";"-";"-";"-";"-";"-";"-";"-";"-";"-"
"fevereiro 2003";"321,38";"359,61";"365,17";"304,14";"286,53";"-";"-";"424,40";"418,09";"378,48";"383,33";"340,12";"359,70";"341,84";"387,92";"355,99";"310,89";"265,44";"353,70";"321,34";"313,68";"295,03";"-";"-";"-";"-";"-";"-";"-";"-";"-";"-";"-";"-";"-";"-";"-";"-";"-"
"março 2003";"325,98";"364,64";"369,83";"308,38";"290,79";"-";"-";"426,50";"420,58";"380,65";"385,69";"342,28";"362,01";"343,33";"392,98";"359,01";"313,69";"266,41";"355,30";"322,86";"315,03";"296,30";"-";"-";"-";"-";"-";"-";"-";"-";"-";"-";"-";"-";"-";"-";"-";"-";"-"
"abril 2003";"326,93";"365,78";"371,22";"309,60";"291,86";"-";"-";"428,46";"422,78";"382,36";"387,70";"343,86";"363,91";"344,84";"394,29";"360,67";"315,56";"267,67";"357,10";"324,51";"316,58";"297,77";"-";"-";"-";"-";"-";"-";"-";"-";"-";"-";"-";"-";"-";"-";"-";"-";"-"
"maio 2003";"325,87";"364,76";"370,37";"308,63";"290,89";"-";"-";"427,86";"422,29";"381,80";"387,31";"343,38";"363,58";"345,18";"393,22";"360,81";"315,86";"268,12";"358,17";"325,33";"317,76";"298,71";"-";"-";"-";"-";"-";"-";"-";"-";"-";"-";"-";"-";"-";"-";"-";"-";"-"
"junho 2003";"325,91";"364,86";"370,58";"308,75";"291,02";"-";"-";"429,22";"423,08";"382,95";"388,21";"344,37";"364,43";"346,55";"393,18";"361,94";"317,03";"270,26";"360,45";"327,55";"319,99";"300,94";"-";"-";"-";"-";"-";"-";"-";"-";"-";"-";"-";"-";"-";"-";"-";"-";"-"
"julho 2003";"327,75";"366,86";"372,55";"310,46";"292,62";"-";"-";"431,71";"425,41";"385,18";"390,29";"346,40";"366,39";"347,86";"395,44";"363,52";"318,48";"271,21";"361,74";"328,66";"321,11";"301,93";"-";"-";"-";"-";"-";"-";"-";"-";"-";"-";"-";"-";"-";"-";"-";"-";"-"
"agosto 2003";"329,97";"369,31";"375,07";"312,57";"294,60";"-";"-";"434,58";"428,27";"387,76";"392,83";"348,79";"368,83";"349,64";"398,22";"365,49";"320,30";"272,83";"363,77";"330,29";"322,99";"303,45";"-";"-";"-";"-";"-";"-";"-";"-";"-";"-";"-";"-";"-";"-";"-";"-";"-"
"setembro 2003";"330,04";"369,39";"375,30";"312,65";"294,74";"-";"-";"435,71";"428,84";"388,89";"393,56";"349,92";"369,69";"350,23";"398,16";"365,94";"320,77";"273,60";"364,70";"331,13";"324,19";"304,47";"-";"-";"-";"-";"-";"-";"-";"-";"-";"-";"-";"-";"-";"-";"-";"-";"-"
"outubro 2003";"331,25";"370,76";"376,55";"313,51";"295,61";"-";"-";"436,12";"429,19";"389,21";"393,78";"350,12";"369,81";"351,13";"399,55";"366,33";"320,86";"273,86";"364,89";"331,23";"324,28";"304,48";"-";"-";"-";"-";"-";"-";"-";"-";"-";"-";"-";"-";"-";"-";"-";"-";"-"
"novembro 2003";"355,17";"397,48";"403,72";"336,29";"317,04";"-";"-";"465,21";"460,81";"415,65";"422,97";"373,97";"397,01";"377,72";"428,17";"393,72";"343,53";"290,86";"389,99";"354,19";"346,35";"325,52";"-";"-";"-";"-";"-";"-";"-";"-";"-";"-";"-";"-";"-";"-";"-";"-";"-"
"dezembro 2003";"357,75";"400,17";"406,14";"338,51";"319,17";"-";"-";"466,54";"462,12";"416,67";"423,94";"374,80";"397,81";"378,72";"431,12";"396,10";"345,81";"292,85";"392,25";"356,23";"348,07";"327,10";"-";"-";"-";"-";"-";"-";"-";"-";"-";"-";"-";"-";"-";"-";"-";"-";"-"
"janeiro 2004";"358,20";"400,66";"406,90";"338,99";"319,60";"-";"-";"467,37";"462,47";"417,39";"424,31";"375,42";"398,16";"379,16";"431,60";"396,51";"346,15";"293,68";"393,27";"357,27";"349,06";"328,10";"-";"-";"-";"-";"-";"-";"-";"-";"-";"-";"-";"-";"-";"-";"-";"-";"-"
"fevereiro 2004";"359,44";"402,15";"408,32";"340,07";"320,60";"-";"-";"467,25";"463,95";"417,45";"425,58";"375,58";"399,31";"380,51";"433,28";"398,03";"347,62";"294,07";"394,19";"357,72";"349,65";"328,38";"-";"-";"-";"-";"-";"-";"-";"-";"-";"-";"-";"-";"-";"-";"-";"-";"-"
"março 2004";"359,95";"402,81";"408,84";"340,48";"320,91";"-";"-";"468,16";"464,19";"418,12";"425,58";"376,11";"399,21";"380,80";"434,09";"398,26";"347,78";"294,79";"395,17";"358,49";"350,42";"328,92";"-";"-";"-";"-";"-";"-";"-";"-";"-";"-";"-";"-";"-";"-";"-";"-";"-"
"abril 2004";"361,58";"404,56";"410,65";"342,11";"322,38";"-";"-";"469,73";"466,26";"419,53";"427,45";"377,41";"400,99";"381,76";"436,10";"399,95";"349,39";"295,67";"396,46";"359,59";"351,49";"329,95";"-";"-";"-";"-";"-";"-";"-";"-";"-";"-";"-";"-";"-";"-";"-";"-";"-"
"maio 2004";"363,62";"406,92";"413,05";"343,98";"324,14";"-";"-";"473,67";"470,15";"423,12";"431,05";"380,75";"404,39";"384,70";"438,75";"402,94";"352,05";"298,79";"400,10";"362,79";"354,88";"332,95";"-";"-";"-";"-";"-";"-";"-";"-";"-";"-";"-";"-";"-";"-";"-";"-";"-"
"junho 2004";"364,31";"407,75";"414,06";"344,59";"324,74";"-";"-";"475,63";"471,73";"424,84";"432,48";"382,30";"405,75";"386,11";"439,66";"403,92";"353,07";"300,60";"402,03";"364,43";"356,67";"334,49";"-";"-";"-";"-";"-";"-";"-";"-";"-";"-";"-";"-";"-";"-";"-";"-";"-"
"julho 2004";"364,63";"408,13";"414,71";"344,77";"324,90";"-";"-";"476,46";"472,98";"425,67";"433,69";"383,16";"406,90";"387,30";"440,13";"404,53";"353,64";"300,80";"402,37";"364,64";"357,02";"334,70";"-";"-";"-";"-";"-";"-";"-";"-";"-";"-";"-";"-";"-";"-";"-";"-";"-"
"agosto 2004";"366,85";"410,80";"417,32";"347,01";"327,05";"-";"-";"481,20";"477,18";"429,95";"437,71";"387,09";"410,73";"391,24";"442,86";"408,27";"357,39";"304,80";"406,84";"368,77";"361,18";"338,58";"-";"-";"-";"-";"-";"-";"-";"-";"-";"-";"-";"-";"-";"-";"-";"-";"-"
"setembro 2004";"369,39";"413,65";"420,05";"349,25";"329,11";"-";"-";"484,16";"480,12";"432,37";"440,10";"389,19";"412,93";"393,17";"446,18";"410,38";"359,35";"307,03";"409,59";"371,02";"363,42";"340,51";"-";"-";"-";"-";"-";"-";"-";"-";"-";"-";"-";"-";"-";"-";"-";"-";"-"
"outubro 2004";"375,58";"420,60";"426,91";"354,86";"334,50";"-";"-";"493,11";"489,20";"440,86";"448,59";"397,32";"421,20";"400,09";"453,67";"416,16";"364,57";"312,54";"416,37";"376,74";"369,20";"345,48";"-";"-";"-";"-";"-";"-";"-";"-";"-";"-";"-";"-";"-";"-";"-";"-";"-"
"novembro 2004";"379,09";"424,45";"430,71";"358,28";"337,79";"-";"-";"497,57";"493,27";"444,91";"452,38";"401,07";"424,81";"403,61";"457,69";"419,85";"368,20";"316,54";"420,73";"380,89";"373,06";"349,20";"-";"-";"-";"-";"-";"-";"-";"-";"-";"-";"-";"-";"-";"-";"-";"-";"-"
"dezembro 2004";"396,66";"444,26";"450,66";"375,03";"353,49";"-";"-";"518,75";"516,09";"464,19";"473,27";"418,59";"444,44";"422,95";"479,06";"439,22";"384,62";"328,84";"439,22";"397,44";"389,12";"364,17";"-";"-";"-";"-";"-";"-";"-";"-";"-";"-";"-";"-";"-";"-";"-";"-";"-"
"janeiro 2005";"396,31";"444,00";"450,28";"374,52";"352,92";"-";"-";"518,79";"516,62";"464,04";"473,58";"418,32";"444,57";"423,43";"478,96";"439,78";"385,02";"328,94";"439,55";"397,62";"389,33";"364,35";"-";"-";"-";"-";"-";"-";"-";"-";"-";"-";"-";"-";"-";"-";"-";"-";"-"
"fevereiro 2005";"398,07";"446,17";"453,24";"376,22";"354,38";"-";"-";"522,56";"519,75";"467,28";"476,40";"421,17";"447,15";"426,16";"481,43";"442,40";"387,53";"332,40";"443,71";"401,28";"393,09";"367,73";"-";"-";"-";"-";"-";"-";"-";"-";"-";"-";"-";"-";"-";"-";"-";"-";"-"
"março 2005";"399,43";"447,64";"454,74";"377,53";"355,59";"-";"-";"523,65";"521,14";"468,24";"477,62";"422,04";"448,32";"427,00";"483,06";"443,57";"388,62";"333,20";"444,68";"402,08";"393,90";"368,48";"-";"-";"-";"-";"-";"-";"-";"-";"-";"-";"-";"-";"-";"-";"-";"-";"-"
"abril 2005";"404,44";"453,15";"460,21";"382,15";"359,97";"-";"-";"528,71";"526,66";"473,17";"482,74";"426,80";"453,24";"430,69";"489,05";"447,15";"391,61";"335,01";"447,39";"404,22";"396,20";"370,33";"-";"-";"-";"-";"-";"-";"-";"-";"-";"-";"-";"-";"-";"-";"-";"-";"-"
"maio 2005";"404,00";"452,67";"459,20";"381,70";"359,58";"-";"-";"529,57";"526,67";"473,89";"482,65";"427,47";"453,19";"430,13";"488,67";"446,22";"391,24";"336,35";"448,31";"405,33";"397,33";"371,44";"-";"-";"-";"-";"-";"-";"-";"-";"-";"-";"-";"-";"-";"-";"-";"-";"-"
"junho 2005";"401,80";"450,27";"456,60";"379,49";"357,47";"-";"-";"527,82";"524,25";"472,16";"480,42";"425,82";"451,01";"428,44";"486,12";"444,35";"389,57";"336,83";"448,28";"405,40";"397,58";"371,72";"-";"-";"-";"-";"-";"-";"-";"-";"-";"-";"-";"-";"-";"-";"-";"-";"-"
"julho 2005";"402,30";"450,97";"457,74";"380,06";"357,98";"-";"-";"529,94";"525,52";"474,06";"481,70";"427,51";"452,16";"430,02";"486,76";"445,37";"390,56";"339,35";"450,42";"407,45";"399,52";"373,60";"-";"-";"-";"-";"-";"-";"-";"-";"-";"-";"-";"-";"-";"-";"-";"-";"-"
"agosto 2005";"402,21";"450,81";"457,86";"380,22";"358,10";"-";"-";"529,26";"525,42";"473,56";"481,69";"427,09";"452,22";"429,77";"486,58";"445,72";"390,96";"338,69";"449,91";"407,08";"399,02";"373,29";"-";"-";"-";"-";"-";"-";"-";"-";"-";"-";"-";"-";"-";"-";"-";"-";"-"
"setembro 2005";"405,27";"454,16";"461,16";"383,07";"360,83";"-";"-";"531,57";"527,03";"475,73";"483,10";"429,02";"453,44";"431,14";"490,06";"446,76";"391,68";"340,29";"451,07";"408,20";"399,66";"374,01";"-";"-";"-";"-";"-";"-";"-";"-";"-";"-";"-";"-";"-";"-";"-";"-";"-"
"outubro 2005";"404,89";"453,76";"460,65";"382,63";"360,37";"-";"-";"532,48";"528,06";"476,49";"483,98";"429,71";"454,19";"431,41";"489,79";"447,05";"391,84";"340,04";"450,82";"407,98";"399,42";"373,80";"-";"-";"-";"-";"-";"-";"-";"-";"-";"-";"-";"-";"-";"-";"-";"-";"-"
"novembro 2005";"405,47";"454,42";"461,40";"383,27";"360,95";"-";"-";"533,40";"528,88";"477,26";"484,59";"430,38";"454,69";"431,77";"490,61";"447,33";"392,18";"340,82";"451,95";"408,95";"400,40";"374,60";"-";"-";"-";"-";"-";"-";"-";"-";"-";"-";"-";"-";"-";"-";"-";"-";"-"
"dezembro 2005";"414,14";"464,15";"471,00";"390,94";"368,14";"-";"-";"546,45";"541,62";"488,60";"496,05";"440,21";"465,05";"442,50";"501,26";"458,04";"400,31";"348,30";"462,43";"418,66";"410,10";"383,84";"-";"-";"-";"-";"-";"-";"-";"-";"-";"-";"-";"-";"-";"-";"-";"-";"-"
"janeiro 2006";"416,36";"466,53";"473,11";"392,89";"370,02";"-";"-";"550,94";"544,03";"492,27";"498,05";"443,27";"466,84";"443,78";"503,91";"459,41";"401,44";"351,20";"465,28";"421,45";"412,90";"386,48";"-";"-";"-";"-";"-";"-";"-";"-";"-";"-";"-";"-";"-";"-";"-";"-";"-"
"fevereiro 2006";"415,47";"465,53";"471,75";"392,12";"369,33";"-";"-";"549,78";"542,98";"491,18";"496,96";"442,32";"465,88";"442,71";"502,88";"458,41";"400,81";"350,38";"464,88";"421,04";"412,64";"386,12";"-";"-";"-";"-";"-";"-";"-";"-";"-";"-";"-";"-";"-";"-";"-";"-";"-"
"março 2006";"415,86";"466,03";"472,43";"392,73";"369,80";"-";"-";"549,45";"542,86";"490,82";"496,68";"442,03";"465,65";"442,60";"503,53";"458,06";"400,85";"350,20";"465,16";"421,20";"412,70";"386,13";"-";"-";"-";"-";"-";"-";"-";"-";"-";"-";"-";"-";"-";"-";"-";"-";"-"
"abril 2006";"419,05";"469,73";"476,43";"395,73";"372,60";"-";"-";"553,34";"546,55";"494,55";"500,09";"445,55";"468,91";"446,00";"507,42";"461,02";"403,12";"352,56";"468,28";"423,79";"414,90";"388,06";"-";"-";"-";"-";"-";"-";"-";"-";"-";"-";"-";"-";"-";"-";"-";"-";"-"
"maio 2006";"418,24";"468,82";"475,19";"394,99";"371,91";"-";"-";"553,14";"546,05";"494,38";"499,64";"445,43";"468,55";"445,34";"506,49";"460,55";"402,84";"351,94";"467,77";"423,43";"414,63";"387,84";"-";"-";"-";"-";"-";"-";"-";"-";"-";"-";"-";"-";"-";"-";"-";"-";"-"
"junho 2006";"418,74";"469,37";"475,71";"395,29";"372,20";"-";"-";"554,72";"547,13";"495,58";"500,45";"446,40";"469,25";"445,91";"507,22";"460,91";"403,11";"353,28";"469,01";"424,51";"415,80";"388,88";"-";"-";"-";"-";"-";"-";"-";"-";"-";"-";"-";"-";"-";"-";"-";"-";"-"
"julho 2006";"418,53";"469,19";"475,64";"395,28";"372,20";"-";"-";"556,15";"547,99";"496,79";"501,34";"447,46";"470,08";"446,81";"506,96";"461,35";"403,89";"355,17";"470,81";"426,36";"417,62";"390,68";"-";"-";"-";"-";"-";"-";"-";"-";"-";"-";"-";"-";"-";"-";"-";"-";"-"
"agosto 2006";"417,47";"468,04";"474,83";"394,22";"371,17";"-";"-";"554,68";"546,59";"495,44";"499,91";"446,24";"468,67";"445,41";"505,83";"459,99";"402,67";"354,60";"470,10";"425,64";"416,97";"389,96";"-";"-";"-";"-";"-";"-";"-";"-";"-";"-";"-";"-";"-";"-";"-";"-";"-"
"setembro 2006";"416,70";"467,16";"473,95";"393,57";"370,63";"-";"-";"553,60";"545,58";"494,62";"499,10";"445,62";"468,00";"444,78";"504,76";"459,28";"401,96";"355,15";"470,53";"426,05";"417,49";"390,41";"-";"-";"-";"-";"-";"-";"-";"-";"-";"-";"-";"-";"-";"-";"-";"-";"-"
"outubro 2006";"417,98";"468,57";"475,23";"394,63";"371,63";"-";"-";"555,56";"547,53";"496,28";"500,84";"447,03";"469,59";"446,36";"506,39";"460,77";"403,24";"355,00";"470,85";"426,27";"417,73";"390,61";"-";"-";"-";"-";"-";"-";"-";"-";"-";"-";"-";"-";"-";"-";"-";"-";"-"
"novembro 2006";"420,24";"471,06";"477,64";"396,90";"373,82";"-";"-";"557,67";"549,19";"498,11";"502,40";"448,66";"471,06";"447,59";"508,99";"462,55";"405,17";"355,77";"472,14";"427,60";"418,90";"391,78";"-";"-";"-";"-";"-";"-";"-";"-";"-";"-";"-";"-";"-";"-";"-";"-";"-"
"dezembro 2006";"432,36";"484,67";"491,40";"408,34";"384,59";"-";"-";"572,28";"565,10";"511,31";"516,96";"460,51";"484,62";"461,18";"523,63";"476,46";"416,64";"364,50";"485,39";"439,60";"430,57";"402,80";"-";"-";"-";"-";"-";"-";"-";"-";"-";"-";"-";"-";"-";"-";"-";"-";"-"
"janeiro 2007";"433,56";"486,06";"493,02";"409,41";"385,59";"-";"-";"574,25";"566,60";"512,94";"518,21";"461,94";"485,80";"462,48";"525,18";"477,47";"417,54";"366,50";"487,73";"441,66";"432,57";"404,59";"-";"-";"-";"-";"-";"-";"-";"-";"-";"-";"-";"-";"-";"-";"-";"-";"-"
"fevereiro 2007";"435,88";"488,69";"496,14";"411,72";"387,77";"-";"-";"579,31";"571,30";"517,75";"522,86";"466,39";"490,17";"466,50";"527,88";"480,02";"419,74";"369,96";"490,21";"444,03";"434,70";"406,70";"-";"-";"-";"-";"-";"-";"-";"-";"-";"-";"-";"-";"-";"-";"-";"-";"-"
"março 2007";"440,22";"493,47";"500,82";"415,83";"391,81";"-";"-";"582,79";"574,69";"521,13";"526,10";"469,65";"493,38";"468,78";"532,78";"483,30";"422,91";"370,76";"491,83";"445,55";"436,12";"408,06";"-";"-";"-";"-";"-";"-";"-";"-";"-";"-";"-";"-";"-";"-";"-";"-";"-"
"abril 2007";"442,35";"495,72";"502,92";"417,98";"393,91";"-";"-";"584,30";"575,78";"522,40";"527,16";"470,74";"494,37";"469,80";"535,05";"485,43";"425,15";"372,65";"493,95";"447,79";"438,00";"410,07";"-";"-";"-";"-";"-";"-";"-";"-";"-";"-";"-";"-";"-";"-";"-";"-";"-"
"maio 2007";"441,67";"495,14";"502,44";"417,49";"393,48";"-";"-";"584,07";"575,10";"522,07";"526,60";"470,38";"493,80";"470,01";"534,23";"485,65";"425,85";"374,34";"495,84";"449,68";"439,93";"411,93";"-";"-";"-";"-";"-";"-";"-";"-";"-";"-";"-";"-";"-";"-";"-";"-";"-"
"junho 2007";"442,55";"496,11";"503,11";"418,36";"394,34";"-";"-";"585,22";"576,40";"523,26";"528,04";"471,56";"495,26";"471,17";"535,12";"487,05";"426,98";"374,68";"496,09";"449,99";"440,25";"412,45";"-";"-";"-";"-";"-";"-";"-";"-";"-";"-";"-";"-";"-";"-";"-";"-";"-"
"julho 2007";"443,31";"496,91";"503,10";"419,06";"395,16";"-";"-";"584,29";"575,50";"522,35";"527,01";"470,82";"494,40";"469,54";"535,99";"487,14";"427,61";"373,16";"495,58";"449,58";"439,87";"412,01";"-";"-";"-";"-";"-";"-";"-";"-";"-";"-";"-";"-";"-";"-";"-";"-";"-"
"agosto 2007";"443,54";"497,14";"503,52";"419,34";"395,37";"-";"-";"585,29";"576,85";"523,38";"528,40";"471,83";"495,78";"470,63";"536,28";"488,01";"428,21";"373,36";"495,95";"449,85";"440,17";"412,30";"-";"-";"-";"-";"-";"-";"-";"-";"-";"-";"-";"-";"-";"-";"-";"-";"-"
"setembro 2007";"444,77";"498,39";"505,04";"420,41";"396,32";"-";"-";"587,23";"578,95";"524,96";"530,33";"473,10";"497,58";"471,73";"537,80";"489,65";"429,35";"374,32";"496,98";"450,77";"441,07";"413,23";"-";"-";"-";"-";"-";"-";"-";"-";"-";"-";"-";"-";"-";"-";"-";"-";"-"
"outubro 2007";"445,58";"499,20";"505,81";"421,03";"396,92";"-";"-";"587,94";"580,63";"525,49";"531,89";"473,48";"499,00";"473,13";"538,72";"491,18";"430,45";"373,90";"496,57";"450,49";"440,58";"412,99";"-";"-";"-";"-";"-";"-";"-";"-";"-";"-";"-";"-";"-";"-";"-";"-";"-"
"novembro 2007";"450,82";"504,78";"511,24";"425,83";"401,54";"-";"-";"594,79";"586,72";"531,53";"537,49";"478,85";"504,32";"477,56";"544,75";"496,18";"434,75";"377,62";"501,05";"454,73";"444,53";"416,81";"-";"-";"-";"-";"-";"-";"-";"-";"-";"-";"-";"-";"-";"-";"-";"-";"-"
"dezembro 2007";"471,28";"527,75";"534,90";"445,18";"419,64";"-";"-";"620,78";"614,79";"554,66";"563,19";"499,43";"528,23";"501,38";"569,60";"520,92";"455,17";"393,35";"524,55";"476,02";"465,33";"436,52";"-";"-";"-";"-";"-";"-";"-";"-";"-";"-";"-";"-";"-";"-";"-";"-";"-"
"janeiro 2008";"474,37";"531,04";"537,75";"447,97";"422,39";"-";"-";"625,59";"618,02";"558,99";"566,18";"503,38";"531,10";"503,42";"573,08";"522,58";"456,62";"395,75";"526,94";"478,52";"467,51";"438,69";"-";"-";"-";"-";"-";"-";"-";"-";"-";"-";"-";"-";"-";"-";"-";"-";"-"
"fevereiro 2008";"476,79";"533,75";"540,49";"450,05";"424,33";"-";"-";"630,47";"621,79";"562,99";"569,46";"506,77";"534,09";"506,25";"576,18";"525,16";"458,80";"398,54";"530,01";"481,36";"470,39";"441,36";"-";"-";"-";"-";"-";"-";"-";"-";"-";"-";"-";"-";"-";"-";"-";"-";"-"
"março 2008";"479,25";"536,57";"543,73";"452,02";"426,13";"-";"-";"634,78";"626,00";"566,78";"573,24";"510,22";"537,68";"509,28";"579,47";"528,09";"461,26";"401,64";"533,63";"484,19";"473,79";"444,12";"-";"-";"-";"-";"-";"-";"-";"-";"-";"-";"-";"-";"-";"-";"-";"-";"-"
"abril 2008";"480,11";"537,58";"545,02";"452,96";"426,95";"-";"-";"635,29";"626,94";"567,35";"574,07";"510,83";"538,47";"510,04";"580,60";"528,91";"462,09";"402,06";"534,47";"484,73";"474,31";"444,42";"-";"-";"-";"-";"-";"-";"-";"-";"-";"-";"-";"-";"-";"-";"-";"-";"-"
"maio 2008";"482,42";"540,14";"547,58";"455,08";"428,94";"-";"-";"638,84";"630,46";"570,60";"577,48";"513,79";"541,70";"512,81";"583,35";"531,72";"464,44";"403,78";"536,31";"486,52";"475,88";"446,05";"-";"-";"-";"-";"-";"-";"-";"-";"-";"-";"-";"-";"-";"-";"-";"-";"-"
"junho 2008";"484,00";"541,86";"549,41";"456,93";"430,63";"-";"-";"641,11";"632,08";"572,59";"579,16";"515,52";"543,34";"514,45";"585,18";"533,63";"466,32";"405,71";"538,77";"488,94";"478,23";"448,42";"-";"-";"-";"-";"-";"-";"-";"-";"-";"-";"-";"-";"-";"-";"-";"-";"-"
"julho 2008";"486,81";"545,08";"552,47";"459,54";"433,23";"-";"-";"644,74";"635,39";"575,96";"582,32";"518,66";"546,32";"516,84";"588,44";"536,79";"469,37";"407,84";"541,38";"491,50";"480,67";"450,79";"-";"-";"-";"-";"-";"-";"-";"-";"-";"-";"-";"-";"-";"-";"-";"-";"-"
"agosto 2008";"487,89";"546,46";"554,30";"460,97";"434,53";"-";"-";"651,42";"639,78";"581,43";"586,52";"523,35";"550,19";"521,03";"589,93";"540,07";"473,20";"414,39";"548,06";"498,10";"487,21";"457,20";"-";"-";"-";"-";"-";"-";"-";"-";"-";"-";"-";"-";"-";"-";"-";"-";"-"
"setembro 2008";"498,75";"558,56";"566,23";"471,16";"444,22";"-";"-";"664,20";"652,61";"592,92";"598,22";"533,72";"561,25";"531,08";"602,96";"551,80";"482,93";"420,53";"558,32";"507,17";"496,21";"465,46";"-";"-";"-";"-";"-";"-";"-";"-";"-";"-";"-";"-";"-";"-";"-";"-";"-"
"outubro 2008";"503,30";"563,54";"571,53";"475,68";"448,49";"-";"-";"669,92";"657,91";"597,94";"603,18";"538,15";"565,85";"535,40";"608,32";"555,95";"486,78";"424,40";"562,47";"511,05";"499,84";"468,96";"-";"-";"-";"-";"-";"-";"-";"-";"-";"-";"-";"-";"-";"-";"-";"-";"-"
"novembro 2008";"505,11";"565,58";"573,20";"477,68";"450,42";"-";"-";"674,51";"662,72";"602,27";"607,95";"542,28";"570,53";"538,97";"610,46";"559,55";"490,40";"426,34";"564,44";"513,02";"501,77";"470,97";"-";"-";"-";"-";"-";"-";"-";"-";"-";"-";"-";"-";"-";"-";"-";"-";"-"
"dezembro 2008";"515,63";"577,41";"585,22";"487,58";"459,70";"-";"-";"689,02";"676,62";"615,17";"620,69";"553,75";"582,40";"550,98";"623,22";"571,86";"500,45";"436,17";"577,90";"525,35";"513,88";"482,42";"-";"-";"-";"-";"-";"-";"-";"-";"-";"-";"-";"-";"-";"-";"-";"-";"-"
"janeiro 2009";"517,67";"579,64";"587,66";"489,53";"461,52";"-";"-";"691,98";"679,89";"617,68";"623,56";"555,90";"585,00";"553,22";"625,73";"574,08";"502,29";"437,36";"579,95";"527,25";"515,66";"484,15";"-";"-";"-";"-";"-";"-";"-";"-";"-";"-";"-";"-";"-";"-";"-";"-";"-"
"fevereiro 2009";"519,03";"581,22";"589,40";"491,06";"462,88";"-";"-";"697,11";"682,81";"621,83";"626,20";"559,38";"587,41";"555,68";"627,56";"576,13";"504,68";"441,88";"584,85";"532,07";"520,30";"488,66";"-";"-";"-";"-";"-";"-";"-";"-";"-";"-";"-";"-";"-";"-";"-";"-";"-"
"março 2009";"520,99";"583,41";"591,61";"493,17";"464,78";"-";"-";"699,12";"685,32";"623,60";"628,50";"560,96";"589,58";"557,69";"629,97";"578,43";"506,94";"442,73";"586,37";"533,46";"521,59";"489,93";"-";"-";"-";"-";"-";"-";"-";"-";"-";"-";"-";"-";"-";"-";"-";"-";"-"
"abril 2009";"521,98";"584,42";"592,56";"494,08";"465,68";"-";"-";"700,39";"686,28";"624,96";"629,48";"562,30";"590,53";"557,97";"631,08";"579,01";"507,17";"443,12";"587,03";"534,06";"522,08";"490,31";"-";"-";"-";"-";"-";"-";"-";"-";"-";"-";"-";"-";"-";"-";"-";"-";"-"
"maio 2009";"529,03";"592,12";"599,88";"500,78";"472,09";"-";"-";"706,61";"692,15";"631,12";"635,00";"568,30";"596,01";"562,59";"639,18";"584,22";"511,84";"447,62";"592,80";"539,18";"526,63";"494,44";"-";"-";"-";"-";"-";"-";"-";"-";"-";"-";"-";"-";"-";"-";"-";"-";"-"
"junho 2009";"528,33";"591,61";"599,68";"500,33";"471,65";"-";"-";"708,57";"694,38";"633,10";"637,17";"570,19";"598,09";"564,77";"638,61";"583,81";"511,52";"447,37";"592,03";"538,32";"526,01";"493,71";"-";"-";"-";"-";"-";"-";"-";"-";"-";"-";"-";"-";"-";"-";"-";"-";"-"
"julho 2009";"528,63";"591,98";"600,07";"500,55";"471,80";"-";"-";"709,98";"695,10";"634,07";"637,63";"570,90";"598,37";"565,23";"639,16";"583,87";"511,61";"448,51";"593,14";"539,33";"527,08";"494,72";"-";"-";"-";"-";"-";"-";"-";"-";"-";"-";"-";"-";"-";"-";"-";"-";"-"
"agosto 2009";"529,75";"593,06";"601,23";"501,72";"472,94";"-";"-";"709,58";"694,62";"633,80";"637,28";"570,70";"598,08";"565,04";"640,16";"584,86";"512,64";"449,31";"594,20";"540,44";"527,86";"495,58";"-";"-";"-";"-";"-";"-";"-";"-";"-";"-";"-";"-";"-";"-";"-";"-";"-"
"setembro 2009";"530,62";"594,05";"602,24";"502,54";"473,63";"-";"-";"711,03";"696,11";"634,89";"638,42";"571,57";"599,06";"565,88";"641,46";"585,53";"513,38";"449,64";"594,79";"540,99";"528,36";"496,09";"-";"-";"-";"-";"-";"-";"-";"-";"-";"-";"-";"-";"-";"-";"-";"-";"-"
"outubro 2009";"529,57";"593,09";"601,45";"501,65";"472,70";"-";"-";"708,85";"695,23";"633,01";"637,69";"569,91";"598,35";"565,66";"640,36";"585,80";"513,73";"448,67";"594,49";"540,71";"528,18";"496,03";"-";"-";"-";"-";"-";"-";"-";"-";"-";"-";"-";"-";"-";"-";"-";"-";"-"
"novembro 2009";"531,20";"594,72";"603,09";"503,05";"474,04";"-";"-";"709,15";"695,90";"633,33";"638,26";"570,27";"598,90";"565,68";"642,12";"587,08";"514,94";"449,66";"595,72";"541,76";"529,17";"496,87";"-";"-";"-";"-";"-";"-";"-";"-";"-";"-";"-";"-";"-";"-";"-";"-";"-"
"dezembro 2009";"549,97";"615,76";"624,35";"520,66";"490,57";"-";"-";"732,30";"720,88";"654,22";"661,10";"589,03";"620,17";"586,43";"664,85";"608,32";"532,27";"462,30";"615,19";"559,33";"546,33";"513,02";"-";"-";"-";"-";"-";"-";"-";"-";"-";"-";"-";"-";"-";"-";"-";"-";"-"
"janeiro 2010";"550,57";"616,60";"625,29";"521,55";"491,27";"-";"-";"733,69";"722,67";"655,37";"662,62";"590,05";"621,61";"587,76";"665,98";"608,79";"533,08";"461,93";"615,09";"559,19";"546,31";"513,04";"-";"-";"-";"-";"-";"-";"-";"-";"-";"-";"-";"-";"-";"-";"-";"-";"-"
"fevereiro 2010";"552,88";"619,00";"627,84";"523,90";"493,54";"-";"-";"735,18";"725,05";"656,66";"664,84";"591,24";"623,80";"589,51";"668,53";"611,36";"535,95";"464,15";"617,12";"561,18";"548,25";"515,15";"-";"-";"-";"-";"-";"-";"-";"-";"-";"-";"-";"-";"-";"-";"-";"-";"-"
"março 2010";"553,50";"619,70";"628,34";"524,06";"493,84";"-";"-";"736,12";"725,67";"657,65";"665,57";"592,22";"624,59";"590,29";"669,05";"612,27";"536,30";"465,09";"618,04";"561,92";"549,23";"515,96";"-";"-";"-";"-";"-";"-";"-";"-";"-";"-";"-";"-";"-";"-";"-";"-";"-"
"abril 2010";"553,99";"620,35";"629,43";"524,67";"494,37";"-";"-";"737,46";"727,27";"658,86";"667,18";"593,28";"626,09";"592,35";"669,67";"613,75";"537,64";"466,36";"619,23";"563,00";"550,21";"516,94";"-";"-";"-";"-";"-";"-";"-";"-";"-";"-";"-";"-";"-";"-";"-";"-";"-"
"maio 2010";"556,18";"622,93";"632,39";"526,91";"496,48";"-";"-";"742,03";"731,99";"663,03";"671,53";"597,12";"630,25";"596,72";"672,47";"616,46";"540,30";"468,80";"621,83";"565,09";"552,56";"518,87";"-";"-";"-";"-";"-";"-";"-";"-";"-";"-";"-";"-";"-";"-";"-";"-";"-"
"junho 2010";"557,82";"624,83";"635,01";"529,21";"498,47";"-";"-";"744,80";"733,86";"665,53";"673,38";"599,38";"632,08";"598,47";"674,50";"618,75";"542,83";"470,94";"625,63";"568,69";"555,95";"522,13";"-";"-";"-";"-";"-";"-";"-";"-";"-";"-";"-";"-";"-";"-";"-";"-";"-"
"julho 2010";"557,25";"624,32";"634,73";"528,84";"498,09";"-";"-";"746,97";"735,36";"667,48";"674,88";"601,08";"633,45";"600,28";"673,86";"618,94";"543,14";"473,17";"626,99";"570,03";"557,28";"523,43";"-";"-";"-";"-";"-";"-";"-";"-";"-";"-";"-";"-";"-";"-";"-";"-";"-"
"agosto 2010";"559,85";"627,21";"637,57";"531,29";"500,44";"-";"-";"749,61";"738,37";"669,95";"677,64";"603,39";"636,09";"602,38";"676,91";"621,51";"545,47";"474,13";"628,83";"571,80";"558,89";"525,01";"-";"-";"-";"-";"-";"-";"-";"-";"-";"-";"-";"-";"-";"-";"-";"-";"-"
"setembro 2010";"562,46";"630,01";"639,82";"533,73";"502,87";"-";"-";"753,43";"742,10";"673,65";"681,23";"606,89";"639,61";"605,07";"679,80";"623,64";"547,63";"476,32";"630,66";"573,74";"560,85";"527,06";"-";"-";"-";"-";"-";"-";"-";"-";"-";"-";"-";"-";"-";"-";"-";"-";"-"
"outubro 2010";"564,91";"632,73";"642,64";"536,05";"505,04";"-";"-";"754,99";"743,58";"675,15";"682,55";"608,32";"640,92";"606,10";"682,68";"625,50";"549,09";"476,73";"632,08";"574,87";"561,98";"528,06";"-";"-";"-";"-";"-";"-";"-";"-";"-";"-";"-";"-";"-";"-";"-";"-";"-"
"novembro 2010";"595,10";"666,65";"677,27";"564,99";"532,10";"-";"-";"793,36";"785,53";"709,74";"721,10";"639,32";"676,81";"642,05";"719,26";"660,69";"578,39";"497,59";"663,75";"603,67";"589,78";"554,49";"-";"-";"-";"-";"-";"-";"-";"-";"-";"-";"-";"-";"-";"-";"-";"-";"-"
"dezembro 2010";"596,07";"667,77";"678,49";"565,87";"532,91";"-";"-";"793,83";"786,26";"710,08";"721,73";"639,59";"677,38";"642,75";"720,44";"662,04";"579,40";"497,44";"664,44";"604,22";"590,28";"554,99";"-";"-";"-";"-";"-";"-";"-";"-";"-";"-";"-";"-";"-";"-";"-";"-";"-"
"janeiro 2011";"597,05";"668,93";"679,70";"566,98";"533,84";"-";"-";"794,99";"788,16";"711,33";"723,49";"640,85";"679,09";"644,25";"721,70";"662,98";"580,38";"496,94";"664,50";"604,22";"590,16";"554,88";"-";"-";"-";"-";"-";"-";"-";"-";"-";"-";"-";"-";"-";"-";"-";"-";"-"
"fevereiro 2011";"596,77";"668,69";"679,52";"566,78";"533,62";"-";"-";"795,98";"788,54";"712,08";"723,80";"641,45";"679,35";"644,58";"721,51";"662,80";"580,14";"497,18";"664,87";"604,59";"590,62";"555,34";"-";"-";"-";"-";"-";"-";"-";"-";"-";"-";"-";"-";"-";"-";"-";"-";"-"
"março 2011";"598,13";"670,11";"681,04";"568,22";"535,02";"-";"-";"795,55";"789,48";"711,75";"724,81";"641,14";"680,40";"645,36";"722,94";"664,44";"581,69";"496,67";"664,58";"604,40";"590,53";"555,58";"-";"-";"-";"-";"-";"-";"-";"-";"-";"-";"-";"-";"-";"-";"-";"-";"-"
"abril 2011";"600,40";"672,67";"683,69";"570,31";"536,99";"-";"-";"797,62";"791,99";"713,67";"727,09";"642,96";"682,64";"647,49";"725,72";"666,47";"583,51";"498,19";"666,68";"606,11";"592,18";"557,02";"-";"-";"-";"-";"-";"-";"-";"-";"-";"-";"-";"-";"-";"-";"-";"-";"-"
"maio 2011";"603,69";"676,36";"687,43";"573,54";"540,05";"-";"-";"806,28";"799,83";"721,69";"734,63";"650,27";"689,76";"653,89";"729,66";"670,24";"586,97";"503,09";"670,71";"609,84";"595,73";"560,36";"-";"-";"-";"-";"-";"-";"-";"-";"-";"-";"-";"-";"-";"-";"-";"-";"-"
"junho 2011";"605,89";"678,75";"689,67";"575,47";"541,89";"-";"-";"809,13";"802,80";"724,49";"737,50";"652,93";"692,53";"656,07";"732,17";"671,99";"588,16";"503,55";"671,07";"610,07";"595,78";"560,42";"-";"-";"-";"-";"-";"-";"-";"-";"-";"-";"-";"-";"-";"-";"-";"-";"-"
"julho 2011";"608,95";"682,49";"692,88";"578,52";"544,73";"-";"-";"814,97";"807,83";"729,81";"742,14";"657,91";"697,13";"661,56";"736,11";"675,18";"591,24";"508,33";"676,99";"615,15";"600,60";"564,76";"-";"-";"-";"-";"-";"-";"-";"-";"-";"-";"-";"-";"-";"-";"-";"-";"-"
"agosto 2011";"611,11";"684,91";"695,38";"580,57";"546,65";"-";"-";"814,59";"808,25";"729,62";"742,44";"657,82";"697,51";"662,49";"738,62";"676,05";"591,74";"508,52";"678,23";"615,95";"601,21";"565,21";"-";"-";"-";"-";"-";"-";"-";"-";"-";"-";"-";"-";"-";"-";"-";"-";"-"
"setembro 2011";"612,68";"686,60";"696,84";"581,94";"548,03";"-";"-";"815,92";"809,66";"730,98";"743,86";"659,14";"698,89";"663,67";"740,30";"677,48";"592,73";"508,78";"678,53";"616,28";"601,40";"565,47";"-";"-";"-";"-";"-";"-";"-";"-";"-";"-";"-";"-";"-";"-";"-";"-";"-"
"outubro 2011";"613,54";"687,54";"697,54";"582,65";"548,72";"-";"-";"817,94";"811,67";"732,79";"745,67";"660,77";"700,54";"665,11";"741,37";"678,01";"593,22";"509,90";"679,00";"616,64";"601,81";"565,78";"-";"-";"-";"-";"-";"-";"-";"-";"-";"-";"-";"-";"-";"-";"-";"-";"-"
"novembro 2011";"614,00";"687,96";"697,92";"582,89";"549,00";"-";"-";"818,51";"812,29";"733,35";"746,22";"661,30";"701,06";"665,29";"741,86";"677,92";"592,80";"509,93";"678,71";"616,30";"601,44";"565,39";"-";"-";"-";"-";"-";"-";"-";"-";"-";"-";"-";"-";"-";"-";"-";"-";"-"
"dezembro 2011";"615,62";"689,93";"699,60";"584,65";"550,54";"-";"-";"821,90";"814,98";"736,52";"748,69";"664,27";"703,38";"667,87";"744,05";"679,26";"594,20";"511,77";"680,78";"618,05";"602,83";"566,49";"-";"-";"-";"-";"-";"-";"-";"-";"-";"-";"-";"-";"-";"-";"-";"-";"-"
"janeiro 2012";"646,40";"724,18";"734,09";"612,96";"577,11";"-";"-";"846,81";"848,16";"760,15";"778,95";"685,88";"731,68";"696,07";"780,70";"710,86";"617,16";"519,12";"700,89";"634,84";"618,95";"581,26";"-";"-";"-";"-";"-";"-";"-";"-";"-";"-";"-";"-";"-";"-";"-";"-";"-"
"fevereiro 2012";"648,74";"726,76";"736,71";"614,94";"579,06";"-";"-";"850,23";"851,54";"763,68";"782,25";"689,42";"735,00";"698,03";"783,40";"713,22";"618,76";"519,81";"702,36";"635,74";"620,06";"581,88";"-";"-";"-";"-";"-";"-";"-";"-";"-";"-";"-";"-";"-";"-";"-";"-";"-"
"março 2012";"651,18";"729,43";"739,82";"617,20";"581,18";"-";"-";"853,30";"855,27";"766,32";"785,59";"691,74";"738,11";"700,82";"786,41";"715,50";"620,74";"521,23";"703,84";"636,78";"621,30";"582,93";"-";"-";"-";"-";"-";"-";"-";"-";"-";"-";"-";"-";"-";"-";"-";"-";"-"
"abril 2012";"648,99";"726,98";"737,70";"614,84";"578,61";"-";"-";"853,60";"856,94";"766,33";"786,84";"691,62";"739,29";"702,19";"784,39";"714,96";"619,80";"521,70";"704,56";"637,10";"622,08";"583,64";"-";"-";"-";"-";"-";"-";"-";"-";"-";"-";"-";"-";"-";"-";"-";"-";"-"
"maio 2012";"649,59";"727,57";"738,68";"615,35";"578,94";"-";"-";"855,58";"859,46";"767,96";"789,03";"692,99";"741,26";"703,48";"785,38";"716,13";"620,51";"522,48";"705,96";"638,25";"623,26";"584,68";"-";"-";"-";"-";"-";"-";"-";"-";"-";"-";"-";"-";"-";"-";"-";"-";"-"
"junho 2012";"647,13";"724,87";"736,35";"613,19";"576,69";"-";"-";"855,88";"859,16";"768,21";"788,63";"693,26";"740,88";"703,00";"782,83";"713,96";"618,59";"522,07";"705,15";"637,54";"622,29";"583,66";"-";"-";"-";"-";"-";"-";"-";"-";"-";"-";"-";"-";"-";"-";"-";"-";"-"
"julho 2012";"648,37";"726,25";"737,21";"614,09";"577,63";"-";"-";"860,98";"861,89";"772,85";"791,47";"697,41";"743,69";"705,29";"784,17";"716,31";"620,27";"524,68";"708,24";"640,48";"625,31";"586,54";"-";"-";"-";"-";"-";"-";"-";"-";"-";"-";"-";"-";"-";"-";"-";"-";"-"
"agosto 2012";"650,62";"728,76";"740,13";"616,14";"579,56";"-";"-";"860,84";"861,73";"772,80";"791,25";"697,56";"743,66";"704,75";"786,83";"718,47";"622,02";"523,95";"710,06";"642,05";"626,73";"587,87";"-";"-";"-";"-";"-";"-";"-";"-";"-";"-";"-";"-";"-";"-";"-";"-";"-"
"setembro 2012";"646,96";"724,50";"735,91";"612,30";"576,01";"-";"-";"856,82";"857,50";"769,06";"787,38";"694,01";"739,88";"700,70";"782,24";"714,92";"618,64";"520,98";"705,36";"638,07";"623,03";"584,52";"-";"-";"-";"-";"-";"-";"-";"-";"-";"-";"-";"-";"-";"-";"-";"-";"-"
"outubro 2012";"650,79";"728,73";"739,90";"615,59";"579,20";"-";"-";"863,03";"864,15";"775,12";"793,70";"699,89";"746,12";"706,18";"786,75";"718,78";"621,61";"524,73";"709,15";"641,08";"625,94";"586,99";"-";"-";"-";"-";"-";"-";"-";"-";"-";"-";"-";"-";"-";"-";"-";"-";"-"
"novembro 2012";"647,69";"725,27";"737,05";"613,07";"576,30";"-";"-";"866,21";"867,15";"777,69";"796,27";"701,99";"748,30";"707,72";"783,73";"718,91";"621,70";"525,98";"711,21";"643,52";"628,25";"589,54";"-";"-";"-";"-";"-";"-";"-";"-";"-";"-";"-";"-";"-";"-";"-";"-";"-"
"dezembro 2012";"645,41";"722,62";"734,86";"611,02";"574,25";"-";"-";"865,05";"865,51";"776,19";"794,54";"700,28";"746,37";"705,97";"781,22";"716,97";"620,07";"525,14";"709,08";"641,71";"626,53";"587,98";"-";"-";"-";"-";"-";"-";"-";"-";"-";"-";"-";"-";"-";"-";"-";"-";"-"
"janeiro 2013";"644,52";"721,65";"733,80";"609,98";"573,31";"-";"-";"863,23";"863,72";"774,71";"792,97";"698,95";"744,88";"704,73";"780,09";"715,88";"618,71";"525,20";"708,61";"641,56";"626,12";"587,91";"-";"-";"-";"-";"-";"-";"-";"-";"-";"-";"-";"-";"-";"-";"-";"-";"-"
"fevereiro 2013";"679,26";"760,87";"773,57";"642,95";"604,26";"-";"-";"907,72";"911,13";"815,04";"836,59";"735,44";"785,82";"745,08";"822,16";"756,85";"652,91";"552,01";"748,75";"677,81";"661,45";"621,14";"-";"-";"-";"-";"-";"-";"-";"-";"-";"-";"-";"-";"-";"-";"-";"-";"-"
"março 2013";"678,29";"759,77";"772,71";"641,95";"603,20";"-";"-";"905,12";"908,71";"812,50";"834,10";"733,05";"783,48";"743,25";"821,18";"755,88";"651,79";"550,61";"748,37";"677,27";"661,10";"620,72";"-";"-";"-";"-";"-";"-";"-";"-";"-";"-";"-";"-";"-";"-";"-";"-";"-"
"abril 2013";"679,43";"761,10";"774,16";"643,26";"604,32";"-";"-";"904,90";"909,40";"812,51";"834,81";"733,17";"784,15";"744,10";"822,65";"756,83";"652,71";"550,35";"748,74";"677,49";"661,08";"620,69";"-";"-";"-";"-";"-";"-";"-";"-";"-";"-";"-";"-";"-";"-";"-";"-";"-"
"maio 2013";"634,91";"711,12";"723,61";"600,84";"564,41";"-";"-";"849,37";"848,50";"762,12";"778,72";"687,80";"731,86";"692,94";"769,02";"704,91";"610,31";"520,74";"702,24";"635,12";"620,02";"581,63";"-";"-";"-";"-";"-";"-";"-";"-";"-";"-";"-";"-";"-";"-";"-";"-";"-"
"junho 2013";"679,33";"761,17";"774,23";"642,39";"603,57";"-";"-";"908,50";"912,23";"815,52";"837,35";"735,91";"786,60";"747,00";"822,69";"759,60";"655,11";"556,84";"754,91";"682,90";"666,90";"625,87";"-";"-";"-";"-";"-";"-";"-";"-";"-";"-";"-";"-";"-";"-";"-";"-";"-"
"julho 2013";"636,55";"713,08";"725,36";"601,93";"565,61";"-";"-";"853,96";"852,75";"766,33";"782,73";"691,74";"735,71";"696,00";"771,01";"708,47";"612,86";"524,20";"706,12";"638,34";"623,68";"584,77";"-";"-";"-";"-";"-";"-";"-";"-";"-";"-";"-";"-";"-";"-";"-";"-";"-"
"agosto 2013";"638,49";"715,39";"728,21";"604,00";"567,50";"-";"-";"852,86";"856,59";"766,06";"786,48";"691,98";"739,30";"699,95";"773,42";"712,12";"616,36";"522,89";"706,73";"638,51";"623,83";"584,82";"-";"-";"-";"-";"-";"-";"-";"-";"-";"-";"-";"-";"-";"-";"-";"-";"-"
"setembro 2013";"636,93";"713,63";"726,49";"602,33";"565,92";"-";"-";"853,65";"857,55";"766,72";"787,36";"692,59";"740,13";"699,57";"771,71";"711,48";"615,81";"521,71";"704,64";"636,51";"622,29";"583,23";"-";"-";"-";"-";"-";"-";"-";"-";"-";"-";"-";"-";"-";"-";"-";"-";"-"
"outubro 2013";"639,93";"717,33";"729,99";"604,84";"568,18";"-";"-";"855,92";"860,51";"768,38";"789,52";"693,99";"742,05";"703,29";"776,05";"714,22";"618,32";"523,72";"707,71";"638,53";"624,32";"584,66";"-";"-";"-";"-";"-";"-";"-";"-";"-";"-";"-";"-";"-";"-";"-";"-";"-"
"novembro 2013";"641,54";"719,05";"731,79";"606,26";"569,65";"-";"-";"857,81";"861,40";"769,93";"790,39";"695,30";"742,92";"704,96";"777,66";"715,73";"619,60";"527,19";"711,01";"641,59";"627,33";"587,51";"-";"-";"-";"-";"-";"-";"-";"-";"-";"-";"-";"-";"-";"-";"-";"-";"-"
"dezembro 2013";"663,89";"744,11";"757,60";"627,26";"589,27";"-";"-";"884,88";"890,64";"794,05";"817,05";"716,63";"767,47";"730,67";"804,68";"741,61";"640,28";"544,06";"736,89";"665,19";"650,31";"609,29";"-";"-";"-";"-";"-";"-";"-";"-";"-";"-";"-";"-";"-";"-";"-";"-";"-"
"janeiro 2014";"665,24";"745,87";"759,50";"628,87";"590,67";"-";"-";"887,05";"893,20";"795,69";"819,25";"717,96";"769,51";"733,38";"806,75";"744,44";"643,59";"545,08";"739,45";"667,68";"652,87";"611,84";"-";"-";"-";"-";"-";"-";"-";"-";"-";"-";"-";"-";"-";"-";"-";"-";"-"
"fevereiro 2014";"668,12";"748,94";"762,86";"631,84";"593,31";"-";"-";"891,90";"897,92";"800,51";"823,85";"722,52";"773,86";"735,66";"810,23";"747,16";"645,70";"547,58";"741,59";"669,52";"654,40";"613,27";"-";"-";"-";"-";"-";"-";"-";"-";"-";"-";"-";"-";"-";"-";"-";"-";"-"
"março 2014";"669,58";"750,49";"764,31";"633,19";"594,63";"-";"-";"894,21";"900,36";"802,77";"826,25";"724,67";"776,17";"737,30";"811,86";"748,93";"647,40";"548,62";"742,90";"670,87";"655,75";"614,63";"-";"-";"-";"-";"-";"-";"-";"-";"-";"-";"-";"-";"-";"-";"-";"-";"-"
"abril 2014";"671,23";"752,32";"766,39";"634,68";"596,04";"-";"-";"896,86";"903,23";"805,13";"828,78";"726,85";"778,61";"739,10";"814,03";"750,45";"648,64";"549,37";"743,93";"671,35";"656,62";"615,06";"-";"-";"-";"-";"-";"-";"-";"-";"-";"-";"-";"-";"-";"-";"-";"-";"-"
"maio 2014";"670,84";"751,81";"765,93";"634,38";"595,75";"-";"-";"897,69";"903,38";"805,60";"828,82";"727,11";"778,55";"738,94";"813,58";"750,18";"648,99";"550,98";"744,94";"672,55";"657,79";"616,31";"-";"-";"-";"-";"-";"-";"-";"-";"-";"-";"-";"-";"-";"-";"-";"-";"-"
"junho 2014";"672,83";"754,92";"769,06";"635,98";"597,31";"-";"-";"906,17";"912,85";"813,91";"837,95";"735,21";"787,59";"748,26";"816,85";"753,09";"650,56";"552,24";"748,25";"674,56";"660,61";"618,31";"-";"-";"-";"-";"-";"-";"-";"-";"-";"-";"-";"-";"-";"-";"-";"-";"-"
"julho 2014";"674,44";"756,88";"771,32";"637,73";"598,78";"-";"-";"909,28";"915,35";"816,62";"840,05";"737,72";"789,58";"749,90";"819,22";"754,75";"652,25";"554,03";"751,16";"676,67";"662,93";"619,99";"-";"-";"-";"-";"-";"-";"-";"-";"-";"-";"-";"-";"-";"-";"-";"-";"-"
"agosto 2014";"675,16";"757,63";"771,97";"638,50";"599,52";"-";"-";"908,98";"914,56";"816,57";"839,56";"737,74";"789,16";"749,95";"819,79";"755,39";"652,63";"555,09";"752,29";"677,83";"663,86";"620,99";"-";"-";"-";"-";"-";"-";"-";"-";"-";"-";"-";"-";"-";"-";"-";"-";"-"
"setembro 2014";"674,43";"756,77";"771,33";"637,98";"599,03";"-";"-";"910,05";"913,94";"817,07";"838,82";"737,91";"788,41";"749,64";"818,91";"754,13";"651,78";"555,68";"752,48";"678,22";"664,19";"621,41";"-";"-";"-";"-";"-";"-";"-";"-";"-";"-";"-";"-";"-";"-";"-";"-";"-"
"outubro 2014";"677,75";"760,24";"775,09";"640,94";"601,89";"-";"-";"910,23";"914,09";"817,31";"838,98";"738,14";"788,63";"749,44";"822,51";"757,13";"654,36";"557,86";"755,55";"680,71";"666,89";"623,64";"-";"-";"-";"-";"-";"-";"-";"-";"-";"-";"-";"-";"-";"-";"-";"-";"-"
"novembro 2014";"675,81";"758,08";"772,61";"639,28";"600,45";"-";"-";"907,51";"910,97";"815,07";"836,22";"736,27";"786,13";"746,80";"819,93";"753,48";"651,63";"555,14";"751,78";"677,54";"663,57";"620,65";"-";"-";"-";"-";"-";"-";"-";"-";"-";"-";"-";"-";"-";"-";"-";"-";"-"
"dezembro 2014";"701,51";"786,58";"802,01";"663,68";"623,28";"-";"-";"934,06";"943,58";"839,22";"866,04";"758,11";"814,01";"773,74";"850,63";"782,73";"676,05";"569,06";"775,66";"698,95";"683,95";"640,07";"-";"-";"-";"-";"-";"-";"-";"-";"-";"-";"-";"-";"-";"-";"-";"-";"-"
"janeiro 2015";"701,63";"786,84";"802,54";"663,84";"623,40";"-";"-";"938,21";"945,42";"842,73";"867,59";"761,22";"815,50";"774,59";"851,13";"782,12";"675,65";"571,19";"777,87";"700,79";"686,10";"641,78";"-";"-";"-";"-";"-";"-";"-";"-";"-";"-";"-";"-";"-";"-";"-";"-";"-"
"fevereiro 2015";"702,75";"788,15";"803,72";"664,96";"624,52";"-";"-";"938,69";"947,79";"843,74";"869,95";"762,60";"817,96";"776,27";"852,48";"783,48";"676,93";"570,17";"776,73";"699,45";"684,82";"640,47";"-";"-";"-";"-";"-";"-";"-";"-";"-";"-";"-";"-";"-";"-";"-";"-";"-"
"março 2015";"700,06";"785,25";"800,76";"662,41";"622,15";"-";"-";"939,14";"944,08";"843,37";"866,32";"761,80";"814,50";"773,73";"849,31";"780,46";"674,79";"573,70";"778,56";"701,55";"686,97";"642,66";"-";"-";"-";"-";"-";"-";"-";"-";"-";"-";"-";"-";"-";"-";"-";"-";"-"
"abril 2015";"703,15";"788,82";"804,63";"665,26";"624,82";"-";"-";"939,29";"945,94";"843,85";"867,90";"762,56";"815,99";"775,06";"853,14";"782,91";"676,99";"574,64";"781,03";"703,19";"688,66";"643,65";"-";"-";"-";"-";"-";"-";"-";"-";"-";"-";"-";"-";"-";"-";"-";"-";"-"
"maio 2015";"704,79";"790,74";"806,44";"666,90";"626,38";"-";"-";"947,66";"952,65";"851,40";"874,39";"769,29";"822,11";"781,67";"855,12";"785,30";"679,08";"579,70";"784,45";"706,60";"692,03";"647,06";"-";"-";"-";"-";"-";"-";"-";"-";"-";"-";"-";"-";"-";"-";"-";"-";"-"
"junho 2015";"708,08";"794,35";"810,55";"669,80";"629,09";"-";"-";"948,28";"953,57";"851,79";"875,10";"769,54";"822,69";"781,90";"859,03";"788,29";"681,24";"578,71";"785,04";"707,10";"692,30";"647,40";"-";"-";"-";"-";"-";"-";"-";"-";"-";"-";"-";"-";"-";"-";"-";"-";"-"
"julho 2015";"712,27";"799,05";"815,55";"673,93";"632,90";"-";"-";"950,38";"957,56";"853,94";"878,67";"771,80";"826,23";"785,52";"864,11";"792,65";"685,30";"580,77";"788,72";"709,94";"694,82";"649,60";"-";"-";"-";"-";"-";"-";"-";"-";"-";"-";"-";"-";"-";"-";"-";"-";"-"
"agosto 2015";"709,29";"795,56";"810,66";"671,10";"630,47";"-";"-";"945,63";"956,29";"850,93";"877,94";"769,79";"825,76";"784,66";"860,14";"788,01";"681,26";"575,61";"780,61";"702,17";"687,40";"642,20";"-";"-";"-";"-";"-";"-";"-";"-";"-";"-";"-";"-";"-";"-";"-";"-";"-"
"setembro 2015";"712,26";"798,80";"813,65";"673,84";"633,18";"-";"-";"955,43";"962,90";"859,39";"884,06";"777,25";"831,52";"789,78";"863,66";"790,66";"683,28";"582,34";"785,12";"706,63";"691,85";"646,63";"-";"-";"-";"-";"-";"-";"-";"-";"-";"-";"-";"-";"-";"-";"-";"-";"-"
"outubro 2015";"710,94";"797,35";"812,76";"673,11";"632,40";"-";"-";"950,03";"960,87";"855,02";"882,23";"773,68";"829,91";"787,54";"862,13";"788,74";"682,41";"577,54";"780,48";"702,09";"687,45";"642,35";"-";"-";"-";"-";"-";"-";"-";"-";"-";"-";"-";"-";"-";"-";"-";"-";"-"
"novembro 2015";"713,10";"799,62";"815,02";"675,34";"634,52";"-";"-";"952,15";"962,53";"856,89";"883,81";"775,38";"831,41";"789,10";"864,46";"791,09";"685,05";"580,81";"784,16";"705,65";"690,50";"645,34";"-";"-";"-";"-";"-";"-";"-";"-";"-";"-";"-";"-";"-";"-";"-";"-";"-"
"dezembro 2015";"716,48";"802,96";"818,13";"678,47";"637,49";"-";"-";"951,05";"962,78";"855,79";"883,72";"774,25";"831,19";"789,08";"868,03";"793,09";"687,15";"581,07";"784,67";"706,28";"690,48";"645,54";"-";"-";"-";"-";"-";"-";"-";"-";"-";"-";"-";"-";"-";"-";"-";"-";"-"
"janeiro 2016";"716,67";"803,19";"819,11";"678,80";"637,78";"-";"-";"953,93";"962,88";"858,22";"883,92";"776,45";"831,57";"789,43";"868,18";"793,45";"687,38";"584,14";"788,42";"709,51";"693,75";"648,24";"-";"-";"-";"-";"-";"-";"-";"-";"-";"-";"-";"-";"-";"-";"-";"-";"-"
"fevereiro 2016";"722,60";"809,57";"825,04";"684,39";"643,08";"-";"-";"962,86";"972,17";"866,75";"892,67";"784,57";"840,00";"795,17";"875,23";"798,73";"691,71";"585,28";"790,11";"711,15";"695,33";"649,88";"-";"-";"-";"-";"-";"-";"-";"-";"-";"-";"-";"-";"-";"-";"-";"-";"-"
"março 2016";"765,62";"857,42";"873,64";"724,92";"681,23";"-";"-";"1011,60";"1024,79";"910,63";"940,77";"823,92";"884,73";"839,59";"926,63";"847,52";"732,29";"626,04";"844,23";"758,98";"740,93";"691,51";"-";"-";"-";"-";"-";"-";"-";"-";"-";"-";"-";"-";"-";"-";"-";"-";"-"
"abril 2016";"764,87";"856,74";"873,21";"724,70";"680,76";"-";"-";"1012,86";"1025,66";"911,42";"941,34";"824,46";"885,10";"840,31";"926,22";"847,33";"733,17";"627,73";"846,24";"761,04";"742,92";"693,38";"-";"-";"-";"-";"-";"-";"-";"-";"-";"-";"-";"-";"-";"-";"-";"-";"-"
"maio 2016";"769,16";"861,80";"877,27";"728,76";"684,63";"-";"-";"1017,06";"1029,77";"915,92";"945,44";"829,17";"889,45";"844,62";"931,27";"851,63";"736,86";"631,30";"851,60";"765,45";"747,02";"697,03";"-";"-";"-";"-";"-";"-";"-";"-";"-";"-";"-";"-";"-";"-";"-";"-";"-"
"junho 2016";"770,92";"863,86";"879,65";"731,41";"686,72";"-";"-";"1018,53";"1031,52";"917,22";"946,86";"830,33";"890,71";"845,46";"933,86";"852,94";"738,52";"630,48";"852,00";"765,91";"747,09";"697,26";"-";"-";"-";"-";"-";"-";"-";"-";"-";"-";"-";"-";"-";"-";"-";"-";"-"
"julho 2016";"769,29";"862,47";"877,93";"729,79";"685,07";"-";"-";"1020,77";"1032,38";"919,22";"947,60";"832,11";"891,35";"846,70";"932,63";"851,85";"737,03";"630,75";"852,99";"766,32";"748,04";"697,55";"-";"-";"-";"-";"-";"-";"-";"-";"-";"-";"-";"-";"-";"-";"-";"-";"-"
"agosto 2016";"766,03";"859,00";"874,43";"726,85";"682,30";"-";"-";"1018,67";"1029,55";"917,31";"944,86";"830,42";"888,69";"844,44";"928,92";"848,35";"734,60";"630,95";"852,38";"765,92";"747,77";"697,22";"-";"-";"-";"-";"-";"-";"-";"-";"-";"-";"-";"-";"-";"-";"-";"-";"-"
"setembro 2016";"782,99";"878,18";"892,94";"742,79";"697,29";"-";"-";"1034,38";"1045,74";"932,13";"959,76";"844,61";"903,36";"859,63";"949,20";"864,27";"748,59";"644,70";"871,83";"782,31";"763,28";"711,03";"-";"-";"-";"-";"-";"-";"-";"-";"-";"-";"-";"-";"-";"-";"-";"-";"-"
"outubro 2016";"781,81";"877,12";"891,78";"741,47";"696,00";"-";"-";"1035,17";"1045,67";"932,68";"959,52";"844,89";"902,90";"859,31";"948,29";"862,87";"746,72";"643,46";"870,52";"781,14";"762,45";"710,18";"-";"-";"-";"-";"-";"-";"-";"-";"-";"-";"-";"-";"-";"-";"-";"-";"-"
"novembro 2016";"781,93";"876,72";"891,55";"741,02";"695,90";"-";"-";"1032,26";"1043,34";"930,56";"957,67";"843,28";"901,36";"856,62";"947,49";"861,97";"745,49";"642,52";"868,35";"779,16";"760,34";"708,17";"-";"-";"-";"-";"-";"-";"-";"-";"-";"-";"-";"-";"-";"-";"-";"-";"-"
"dezembro 2016";"784,86";"879,93";"894,87";"743,95";"698,74";"-";"-";"1035,10";"1046,63";"933,24";"960,56";"845,81";"904,21";"858,79";"950,88";"864,32";"747,51";"643,57";"869,81";"780,44";"761,34";"709,13";"-";"-";"-";"-";"-";"-";"-";"-";"-";"-";"-";"-";"-";"-";"-";"-";"-"
"janeiro 2017";"785,50";"880,79";"895,79";"744,41";"699,10";"-";"-";"1036,35";"1047,60";"934,35";"961,36";"846,94";"905,02";"859,79";"951,84";"865,08";"748,20";"643,18";"870,14";"780,41";"761,56";"709,04";"-";"-";"-";"-";"-";"-";"-";"-";"-";"-";"-";"-";"-";"-";"-";"-";"-"
"fevereiro 2017";"787,20";"882,69";"897,60";"745,60";"700,16";"-";"-";"1039,15";"1050,25";"936,59";"963,43";"848,87";"906,81";"861,04";"954,27";"866,25";"749,16";"645,93";"873,28";"782,63";"764,31";"710,95";"-";"-";"-";"-";"-";"-";"-";"-";"-";"-";"-";"-";"-";"-";"-";"-";"-"
"março 2017";"812,30";"910,74";"926,19";"769,46";"722,62";"-";"-";"1070,58";"1084,07";"964,85";"994,30";"874,16";"935,48";"888,90";"984,53";"894,74";"772,36";"664,16";"900,36";"807,27";"788,24";"733,57";"-";"-";"-";"-";"-";"-";"-";"-";"-";"-";"-";"-";"-";"-";"-";"-";"-"
"abril 2017";"813,82";"912,42";"928,31";"771,55";"724,39";"-";"-";"1068,89";"1084,89";"963,78";"994,96";"873,46";"936,09";"888,98";"986,55";"894,94";"773,03";"660,37";"897,80";"804,67";"785,40";"730,80";"-";"-";"-";"-";"-";"-";"-";"-";"-";"-";"-";"-";"-";"-";"-";"-";"-"
"maio 2017";"818,33";"917,69";"933,41";"776,46";"728,64";"-";"-";"1073,41";"1089,74";"967,89";"999,21";"877,22";"940,09";"893,13";"992,58";"898,65";"777,27";"663,11";"902,65";"808,92";"789,24";"734,31";"-";"-";"-";"-";"-";"-";"-";"-";"-";"-";"-";"-";"-";"-";"-";"-";"-"
"junho 2017";"821,00";"920,78";"936,43";"779,65";"731,36";"-";"-";"1075,38";"1091,42";"969,73";"1000,75";"878,83";"941,46";"894,99";"996,05";"901,03";"779,94";"664,79";"905,53";"811,60";"791,72";"736,71";"-";"-";"-";"-";"-";"-";"-";"-";"-";"-";"-";"-";"-";"-";"-";"-";"-"
"julho 2017";"816,48";"916,07";"932,11";"775,81";"727,66";"-";"-";"1074,07";"1090,02";"968,73";"999,61";"878,02";"940,45";"893,73";"991,12";"896,33";"775,58";"660,54";"900,89";"807,49";"787,92";"733,19";"-";"-";"-";"-";"-";"-";"-";"-";"-";"-";"-";"-";"-";"-";"-";"-";"-"
"agosto 2017";"815,57";"915,16";"931,18";"775,05";"726,88";"-";"-";"1074,71";"1088,02";"969,01";"997,86";"878,03";"938,77";"893,10";"989,93";"896,08";"774,92";"662,47";"902,80";"809,48";"789,89";"735,27";"-";"-";"-";"-";"-";"-";"-";"-";"-";"-";"-";"-";"-";"-";"-";"-";"-"
"setembro 2017";"814,71";"914,38";"930,20";"774,14";"726,05";"-";"-";"1074,65";"1087,46";"968,80";"997,18";"877,87";"938,16";"892,91";"989,11";"895,59";"774,54";"664,06";"903,94";"810,37";"790,92";"736,07";"-";"-";"-";"-";"-";"-";"-";"-";"-";"-";"-";"-";"-";"-";"-";"-";"-"
"outubro 2017";"814,28";"913,95";"929,60";"772,97";"725,35";"-";"-";"1082,09";"1091,43";"975,20";"1001,16";"883,53";"942,03";"896,49";"988,39";"896,54";"775,12";"670,27";"908,75";"814,88";"796,11";"740,71";"-";"-";"-";"-";"-";"-";"-";"-";"-";"-";"-";"-";"-";"-";"-";"-";"-"
"novembro 2017";"814,97";"914,84";"930,58";"773,56";"725,99";"-";"-";"1083,03";"1092,29";"976,14";"1002,05";"884,42";"942,92";"896,96";"989,26";"896,68";"774,97";"669,53";"908,47";"814,59";"796,25";"740,70";"-";"-";"-";"-";"-";"-";"-";"-";"-";"-";"-";"-";"-";"-";"-";"-";"-"
"dezembro 2017";"815,74";"915,74";"930,97";"774,02";"726,54";"-";"-";"1082,08";"1093,38";"975,79";"1003,31";"884,39";"944,14";"898,07";"990,00";"898,34";"775,96";"668,55";"907,23";"813,50";"794,93";"739,67";"-";"-";"-";"-";"-";"-";"-";"-";"-";"-";"-";"-";"-";"-";"-";"-";"-"
"janeiro 2018";"814,98";"915,18";"930,50";"773,64";"726,01";"-";"-";"1083,26";"1094,55";"976,57";"1004,20";"884,98";"944,92";"898,53";"989,74";"897,79";"776,02";"668,76";"907,43";"813,87";"795,39";"740,35";"-";"-";"-";"-";"-";"-";"-";"-";"-";"-";"-";"-";"-";"-";"-";"-";"-"
"fevereiro 2018";"816,56";"917,20";"934,24";"774,78";"727,05";"-";"-";"1089,27";"1100,31";"981,75";"1009,09";"889,62";"949,43";"902,82";"992,42";"899,27";"777,00";"671,32";"911,23";"816,64";"798,96";"742,91";"-";"-";"-";"-";"-";"-";"-";"-";"-";"-";"-";"-";"-";"-";"-";"-";"-"
"março 2018";"817,14";"917,89";"935,30";"775,64";"727,75";"-";"-";"1089,82";"1100,89";"981,87";"1009,33";"889,62";"949,64";"903,51";"993,37";"900,17";"778,60";"674,13";"914,63";"819,64";"801,72";"745,43";"-";"-";"-";"-";"-";"-";"-";"-";"-";"-";"-";"-";"-";"-";"-";"-";"-"
"abril 2018";"830,77";"932,89";"948,43";"787,65";"739,51";"-";"-";"1102,22";"1114,86";"993,66";"1022,56";"900,59";"962,31";"915,35";"1008,79";"915,39";"790,28";"680,43";"925,90";"829,97";"811,76";"755,10";"-";"-";"-";"-";"-";"-";"-";"-";"-";"-";"-";"-";"-";"-";"-";"-";"-"
"maio 2018";"830,94";"933,23";"948,65";"787,71";"739,62";"-";"-";"1103,88";"1115,59";"995,20";"1023,53";"901,89";"963,17";"917,39";"1009,00";"916,91";"791,34";"684,28";"929,31";"833,50";"815,06";"758,55";"-";"-";"-";"-";"-";"-";"-";"-";"-";"-";"-";"-";"-";"-";"-";"-";"-"
"junho 2018";"836,95";"939,96";"956,75";"793,47";"745,03";"-";"-";"1109,73";"1121,91";"1000,29";"1029,25";"906,41";"968,53";"922,29";"1016,28";"923,66";"797,59";"688,05";"935,83";"839,23";"820,71";"763,67";"-";"-";"-";"-";"-";"-";"-";"-";"-";"-";"-";"-";"-";"-";"-";"-";"-"
"julho 2018";"834,08";"937,04";"954,05";"790,18";"741,98";"-";"-";"1116,38";"1125,65";"1005,78";"1032,61";"911,04";"971,50";"925,53";"1013,48";"920,53";"794,92";"695,14";"939,25";"842,42";"824,63";"767,09";"-";"-";"-";"-";"-";"-";"-";"-";"-";"-";"-";"-";"-";"-";"-";"-";"-"
"agosto 2018";"831,96";"934,52";"952,01";"788,13";"740,03";"-";"-";"1112,74";"1120,90";"1001,93";"1027,99";"907,24";"966,94";"920,74";"1010,86";"919,78";"794,28";"694,06";"939,50";"843,08";"825,28";"767,84";"-";"-";"-";"-";"-";"-";"-";"-";"-";"-";"-";"-";"-";"-";"-";"-";"-"
"setembro 2018";"834,01";"936,32";"953,07";"789,22";"741,34";"-";"-";"1118,15";"1125,77";"1006,66";"1032,82";"911,17";"971,10";"924,72";"1012,71";"923,74";"797,59";"698,24";"940,75";"844,65";"827,05";"769,71";"-";"-";"-";"-";"-";"-";"-";"-";"-";"-";"-";"-";"-";"-";"-";"-";"-"
"outubro 2018";"836,57";"939,52";"956,42";"791,59";"743,58";"-";"-";"1125,65";"1130,37";"1012,93";"1036,81";"916,57";"974,69";"928,17";"1016,17";"928,15";"801,91";"706,23";"950,10";"853,27";"835,80";"777,71";"-";"-";"-";"-";"-";"-";"-";"-";"-";"-";"-";"-";"-";"-";"-";"-";"-"
"novembro 2018";"845,76";"949,79";"965,99";"799,85";"751,42";"-";"-";"1133,28";"1139,22";"1020,47";"1044,78";"923,98";"982,60";"935,07";"1027,16";"934,50";"807,20";"710,37";"956,68";"858,44";"840,68";"781,75";"-";"-";"-";"-";"-";"-";"-";"-";"-";"-";"-";"-";"-";"-";"-";"-";"-"
"dezembro 2018";"849,93";"954,33";"969,96";"803,13";"754,71";"-";"-";"1141,16";"1146,99";"1027,49";"1051,86";"930,32";"989,15";"940,86";"1032,24";"938,37";"810,34";"715,86";"961,21";"862,29";"844,52";"785,01";"-";"-";"-";"-";"-";"-";"-";"-";"-";"-";"-";"-";"-";"-";"-";"-";"-"
"janeiro 2019";"874,77";"981,86";"997,21";"825,29";"776,11";"-";"-";"1171,64";"1177,52";"1055,33";"1080,19";"955,67";"1016,11";"966,73";"1061,23";"964,18";"829,98";"734,22";"986,26";"884,42";"866,24";"805,21";"-";"-";"-";"-";"-";"-";"-";"-";"-";"-";"-";"-";"-";"-";"-";"-";"-"
"fevereiro 2019";"884,30";"991,87";"1006,82";"834,16";"784,70";"-";"-";"1170,67";"1181,66";"1055,39";"1083,97";"956,49";"1020,03";"969,83";"1071,61";"972,50";"838,40";"736,30";"990,79";"887,69";"868,93";"807,23";"-";"-";"-";"-";"-";"-";"-";"-";"-";"-";"-";"-";"-";"-";"-";"-";"-"
"março 2019";"887,37";"994,89";"1009,42";"837,07";"787,48";"-";"-";"1170,89";"1181,20";"1055,61";"1083,45";"956,70";"1019,49";"969,48";"1074,69";"974,46";"840,71";"739,67";"994,31";"891,06";"871,73";"809,94";"-";"-";"-";"-";"-";"-";"-";"-";"-";"-";"-";"-";"-";"-";"-";"-";"-"
"abril 2019";"889,22";"997,08";"1012,54";"838,93";"789,17";"-";"-";"1171,64";"1184,12";"1056,26";"1086,17";"957,27";"1022,09";"972,55";"1077,07";"978,12";"843,80";"741,21";"996,86";"893,18";"873,98";"812,18";"-";"-";"-";"-";"-";"-";"-";"-";"-";"-";"-";"-";"-";"-";"-";"-";"-"
"maio 2019";"892,46";"1000,56";"1016,06";"841,57";"791,69";"-";"-";"1170,71";"1185,50";"1055,89";"1087,53";"957,21";"1023,48";"973,40";"1080,76";"980,38";"845,30";"739,45";"995,33";"891,18";"872,28";"810,20";"-";"-";"-";"-";"-";"-";"-";"-";"-";"-";"-";"-";"-";"-";"-";"-";"-"
"junho 2019";"883,26";"990,77";"1006,49";"832,69";"783,18";"-";"-";"1164,93";"1179,40";"1050,52";"1081,96";"952,13";"1018,04";"968,73";"1070,52";"972,25";"837,27";"733,85";"987,09";"883,42";"865,54";"803,65";"-";"-";"-";"-";"-";"-";"-";"-";"-";"-";"-";"-";"-";"-";"-";"-";"-"
"julho 2019";"889,73";"997,91";"1013,96";"838,88";"789,00";"-";"-";"1172,50";"1185,81";"1057,24";"1087,85";"958,12";"1023,52";"974,17";"1078,10";"979,61";"843,76";"739,33";"995,14";"890,84";"872,60";"810,31";"-";"-";"-";"-";"-";"-";"-";"-";"-";"-";"-";"-";"-";"-";"-";"-";"-"
"agosto 2019";"893,96";"1002,46";"1018,08";"842,66";"792,67";"-";"-";"1181,32";"1194,95";"1065,59";"1096,18";"965,89";"1031,31";"980,51";"1083,29";"981,32";"845,26";"743,64";"996,66";"891,78";"873,72";"810,88";"-";"-";"-";"-";"-";"-";"-";"-";"-";"-";"-";"-";"-";"-";"-";"-";"-"
"setembro 2019";"890,17";"997,97";"1014,12";"839,24";"789,42";"-";"-";"1180,81";"1193,68";"1064,47";"1094,88";"964,42";"1029,82";"978,47";"1078,77";"978,41";"843,24";"743,00";"993,75";"889,83";"871,98";"809,78";"-";"-";"-";"-";"-";"-";"-";"-";"-";"-";"-";"-";"-";"-";"-";"-";"-"
"outubro 2019";"889,27";"997,12";"1013,03";"838,29";"788,53";"-";"-";"1179,55";"1192,70";"1063,51";"1094,03";"963,72";"1029,10";"978,41";"1077,78";"977,51";"842,68";"741,31";"992,25";"888,35";"870,71";"808,43";"-";"-";"-";"-";"-";"-";"-";"-";"-";"-";"-";"-";"-";"-";"-";"-";"-"
"novembro 2019";"889,88";"997,91";"1013,67";"838,88";"789,12";"-";"-";"1182,68";"1195,11";"1066,44";"1096,36";"966,50";"1031,37";"980,13";"1078,57";"979,15";"844,45";"744,02";"995,28";"891,21";"873,64";"811,16";"-";"-";"-";"-";"-";"-";"-";"-";"-";"-";"-";"-";"-";"-";"-";"-";"-"
"dezembro 2019";"901,39";"1010,72";"1026,79";"849,82";"799,39";"-";"-";"1198,53";"1212,23";"1080,77";"1112,20";"979,49";"1046,20";"994,68";"1092,28";"993,49";"856,49";"753,14";"1008,67";"903,47";"885,41";"822,38";"-";"-";"-";"-";"-";"-";"-";"-";"-";"-";"-";"-";"-";"-";"-";"-";"-"
"janeiro 2020";"914,34";"1025,36";"1040,10";"862,10";"811,06";"-";"-";"1212,23";"1225,63";"1094,00";"1124,78";"992,21";"1058,72";"1006,64";"1107,69";"1004,58";"865,94";"761,31";"1020,69";"913,59";"894,87";"830,81";"-";"-";"-";"-";"-";"-";"-";"-";"-";"-";"-";"-";"-";"-";"-";"-";"-"
"fevereiro 2020";"917,41";"1028,89";"1044,32";"865,24";"814,00";"-";"-";"1215,98";"1229,76";"1097,23";"1128,56";"995,11";"1062,32";"1009,87";"1111,44";"1008,94";"869,98";"763,36";"1024,87";"917,40";"898,53";"834,31";"-";"-";"-";"-";"-";"-";"-";"-";"-";"-";"-";"-";"-";"-";"-";"-";"-"
"março 2020";"916,87";"1028,45";"1043,67";"864,95";"813,69";"-";"-";"1217,71";"1230,14";"1098,84";"1129,01";"996,64";"1062,90";"1010,80";"1110,99";"1008,28";"869,29";"764,98";"1025,88";"918,19";"899,41";"835,07";"-";"-";"-";"-";"-";"-";"-";"-";"-";"-";"-";"-";"-";"-";"-";"-";"-"
"abril 2020";"920,13";"1032,04";"1047,23";"868,12";"816,70";"-";"-";"1219,17";"1234,37";"1100,74";"1133,11";"998,81";"1066,97";"1013,71";"1114,72";"1012,18";"872,94";"764,35";"1026,40";"918,32";"899,35";"834,89";"-";"-";"-";"-";"-";"-";"-";"-";"-";"-";"-";"-";"-";"-";"-";"-";"-"
"maio 2020";"919,56";"1031,34";"1046,67";"867,38";"815,97";"-";"-";"1221,13";"1232,36";"1101,75";"1131,13";"999,20";"1065,02";"1012,90";"1114,03";"1011,22";"871,60";"767,06";"1028,78";"920,61";"901,64";"837,08";"-";"-";"-";"-";"-";"-";"-";"-";"-";"-";"-";"-";"-";"-";"-";"-";"-"
"junho 2020";"920,10";"1031,87";"1047,10";"867,74";"816,33";"-";"-";"1219,89";"1232,93";"1100,94";"1131,67";"998,64";"1065,51";"1012,83";"1114,68";"1011,75";"871,96";"766,15";"1027,11";"918,98";"900,17";"835,61";"-";"-";"-";"-";"-";"-";"-";"-";"-";"-";"-";"-";"-";"-";"-";"-";"-"
"julho 2020";"920,65";"1032,52";"1048,29";"868,48";"817,07";"-";"-";"1222,25";"1235,20";"1103,21";"1134,09";"1000,80";"1067,88";"1014,79";"1115,21";"1013,70";"873,91";"767,80";"1028,85";"920,80";"901,97";"837,47";"-";"-";"-";"-";"-";"-";"-";"-";"-";"-";"-";"-";"-";"-";"-";"-";"-"
"agosto 2020";"927,52";"1040,16";"1056,48";"875,08";"823,37";"-";"-";"1231,94";"1244,21";"1111,75";"1142,49";"1008,48";"1075,83";"1021,63";"1123,34";"1021,55";"881,35";"774,24";"1037,40";"928,89";"909,73";"844,94";"-";"-";"-";"-";"-";"-";"-";"-";"-";"-";"-";"-";"-";"-";"-";"-";"-"
"setembro 2020";"937,70";"1051,69";"1068,58";"884,16";"832,23";"-";"-";"1256,40";"1267,29";"1134,27";"1164,88";"1029,12";"1097,02";"1040,34";"1135,43";"1037,84";"895,18";"788,60";"1050,01";"940,54";"921,31";"855,95";"-";"-";"-";"-";"-";"-";"-";"-";"-";"-";"-";"-";"-";"-";"-";"-";"-"
"outubro 2020";"949,55";"1065,19";"1083,41";"895,48";"842,98";"-";"-";"1278,70";"1286,49";"1153,71";"1182,64";"1046,67";"1113,78";"1054,91";"1150,18";"1053,81";"910,85";"806,80";"1071,68";"960,39";"941,50";"874,55";"-";"-";"-";"-";"-";"-";"-";"-";"-";"-";"-";"-";"-";"-";"-";"-";"-"
"novembro 2020";"961,85";"1079,47";"1098,20";"907,11";"854,04";"-";"-";"1302,26";"1306,30";"1173,81";"1200,67";"1064,65";"1130,82";"1071,77";"1165,74";"1070,35";"927,52";"826,58";"1094,88";"982,01";"962,99";"894,93";"-";"-";"-";"-";"-";"-";"-";"-";"-";"-";"-";"-";"-";"-";"-";"-";"-"
"dezembro 2020";"973,21";"1092,62";"1111,93";"917,15";"863,20";"-";"-";"1330,24";"1329,17";"1196,99";"1219,96";"1084,86";"1148,36";"1085,62";"1181,93";"1083,21";"939,93";"845,87";"1116,99";"1001,39";"983,40";"912,71";"-";"-";"-";"-";"-";"-";"-";"-";"-";"-";"-";"-";"-";"-";"-";"-";"-"
"janeiro 2021";"1017,96";"1142,72";"1161,86";"958,59";"902,79";"-";"-";"1395,53";"1395,85";"1256,76";"1281,35";"1139,52";"1206,10";"1139,01";"1235,90";"1129,59";"978,59";"883,22";"1160,89";"1039,96";"1022,12";"947,62";"-";"-";"-";"-";"-";"-";"-";"-";"-";"-";"-";"-";"-";"-";"-";"-";"-"
"fevereiro 2021";"1031,26";"1157,80";"1177,05";"970,62";"914,41";"-";"-";"1423,30";"1420,19";"1281,96";"1304,08";"1162,90";"1227,80";"1155,73";"1252,45";"1145,11";"993,66";"902,39";"1180,73";"1057,64";"1040,83";"964,18";"-";"-";"-";"-";"-";"-";"-";"-";"-";"-";"-";"-";"-";"-";"-";"-";"-"
"março 2021";"1052,85";"1181,23";"1199,98";"990,94";"934,09";"-";"-";"1454,22";"1450,50";"1311,31";"1332,72";"1190,91";"1255,81";"1175,24";"1277,45";"1164,81";"1011,69";"915,46";"1196,45";"1071,59";"1055,07";"977,02";"-";"-";"-";"-";"-";"-";"-";"-";"-";"-";"-";"-";"-";"-";"-";"-";"-"
"abril 2021";"1077,34";"1208,32";"1226,47";"1013,54";"955,47";"-";"-";"1496,00";"1488,57";"1348,06";"1366,82";"1224,05";"1287,58";"1202,26";"1307,81";"1187,82";"1034,47";"948,69";"1229,77";"1102,08";"1085,63";"1004,79";"-";"-";"-";"-";"-";"-";"-";"-";"-";"-";"-";"-";"-";"-";"-";"-";"-"
"maio 2021";"1103,38";"1237,20";"1254,89";"1037,76";"978,72";"-";"-";"1524,96";"1518,19";"1376,03";"1394,40";"1250,92";"1314,40";"1223,19";"1338,85";"1209,68";"1054,31";"959,58";"1244,78";"1114,66";"1098,40";"1015,64";"-";"-";"-";"-";"-";"-";"-";"-";"-";"-";"-";"-";"-";"-";"-";"-";"-"
"junho 2021";"1117,05";"1252,70";"1271,78";"1051,08";"991,34";"-";"-";"1552,04";"1537,60";"1399,35";"1412,53";"1271,51";"1331,56";"1239,01";"1355,37";"1227,64";"1070,96";"982,15";"1272,12";"1140,41";"1123,76";"1039,89";"-";"-";"-";"-";"-";"-";"-";"-";"-";"-";"-";"-";"-";"-";"-";"-";"-"
"julho 2021";"1137,76";"1275,77";"1294,27";"1071,30";"1010,61";"-";"-";"1577,91";"1562,00";"1423,42";"1435,16";"1294,11";"1353,34";"1258,67";"1379,75";"1248,49";"1091,90";"1000,54";"1294,86";"1161,34";"1143,95";"1058,49";"-";"-";"-";"-";"-";"-";"-";"-";"-";"-";"-";"-";"-";"-";"-";"-";"-"
"agosto 2021";"1151,15";"1290,71";"1311,26";"1083,56";"1022,06";"-";"-";"1586,81";"1571,50";"1431,89";"1443,85";"1302,22";"1361,86";"1266,14";"1395,89";"1260,78";"1101,41";"1007,37";"1307,49";"1171,02";"1154,48";"1067,05";"-";"-";"-";"-";"-";"-";"-";"-";"-";"-";"-";"-";"-";"-";"-";"-";"-"
"setembro 2021";"1155,76";"1296,16";"1315,66";"1087,28";"1025,60";"-";"-";"1593,01";"1578,43";"1437,99";"1450,31";"1308,05";"1368,06";"1271,24";"1401,81";"1265,85";"1105,09";"1007,33";"1308,57";"1171,83";"1155,54";"1067,93";"-";"-";"-";"-";"-";"-";"-";"-";"-";"-";"-";"-";"-";"-";"-";"-";"-"
"outubro 2021";"1170,64";"1313,18";"1333,77";"1101,58";"1038,68";"-";"-";"1605,03";"1592,60";"1448,83";"1462,47";"1318,12";"1379,68";"1284,41";"1420,38";"1282,05";"1119,93";"1014,26";"1322,98";"1182,72";"1168,22";"1077,77";"-";"-";"-";"-";"-";"-";"-";"-";"-";"-";"-";"-";"-";"-";"-";"-";"-"
"novembro 2021";"1174,38";"1317,41";"1337,60";"1104,61";"1041,64";"-";"-";"1612,29";"1602,57";"1456,46";"1472,55";"1325,29";"1389,45";"1295,42";"1424,60";"1285,10";"1121,24";"1015,87";"1322,10";"1181,15";"1167,75";"1076,99";"-";"-";"-";"-";"-";"-";"-";"-";"-";"-";"-";"-";"-";"-";"-";"-";"-"
"dezembro 2021";"1179,96";"1323,23";"1342,06";"1109,08";"1046,07";"-";"-";"1610,37";"1602,14";"1454,64";"1471,36";"1323,77";"1388,43";"1292,47";"1431,11";"1286,23";"1121,82";"1012,08";"1321,14";"1179,89";"1166,62";"1075,50";"-";"-";"-";"-";"-";"-";"-";"-";"-";"-";"-";"-";"-";"-";"-";"-";"-"
"janeiro 2022";"1188,81";"1333,22";"1352,40";"1117,00";"1053,33";"-";"-";"1614,53";"1611,82";"1458,84";"1479,51";"1327,92";"1396,04";"1296,56";"1442,66";"1294,13";"1126,51";"1005,88";"1320,56";"1177,96";"1165,13";"1073,38";"-";"-";"-";"-";"-";"-";"-";"-";"-";"-";"-";"-";"-";"-";"-";"-";"-"
"fevereiro 2022";"1190,24";"1335,11";"1355,01";"1118,72";"1054,62";"-";"-";"1635,61";"1624,49";"1475,38";"1490,55";"1341,15";"1405,43";"1308,56";"1445,47";"1296,54";"1130,47";"1024,87";"1334,96";"1192,15";"1179,46";"1086,96";"-";"-";"-";"-";"-";"-";"-";"-";"-";"-";"-";"-";"-";"-";"-";"-";"-"
"março 2022";"1239,38";"1390,19";"1409,66";"1164,78";"1097,99";"-";"-";"1704,67";"1693,15";"1536,90";"1554,07";"1395,71";"1464,70";"1370,65";"1503,88";"1357,61";"1179,41";"1067,03";"1395,59";"1247,34";"1233,66";"1138,74";"-";"-";"-";"-";"-";"-";"-";"-";"-";"-";"-";"-";"-";"-";"-";"-";"-"
"abril 2022";"1247,31";"1399,58";"1421,21";"1173,40";"1105,97";"-";"-";"1722,42";"1705,55";"1551,96";"1565,78";"1409,06";"1475,70";"1382,15";"1513,83";"1371,26";"1193,74";"1093,33";"1425,72";"1276,37";"1262,07";"1166,03";"-";"-";"-";"-";"-";"-";"-";"-";"-";"-";"-";"-";"-";"-";"-";"-";"-"
"maio 2022";"1252,29";"1405,47";"1427,89";"1178,79";"1110,76";"-";"-";"1745,49";"1723,69";"1571,43";"1582,88";"1425,68";"1491,30";"1397,99";"1520,61";"1380,94";"1203,53";"1110,66";"1440,05";"1290,57";"1276,29";"1179,98";"-";"-";"-";"-";"-";"-";"-";"-";"-";"-";"-";"-";"-";"-";"-";"-";"-"
"junho 2022";"1263,90";"1418,41";"1441,30";"1190,03";"1121,35";"-";"-";"1757,93";"1736,16";"1583,36";"1594,98";"1437,05";"1503,29";"1408,27";"1534,37";"1394,33";"1214,75";"1116,12";"1453,47";"1302,37";"1288,84";"1191,56";"-";"-";"-";"-";"-";"-";"-";"-";"-";"-";"-";"-";"-";"-";"-";"-";"-"
"julho 2022";"1266,44";"1421,21";"1443,26";"1192,63";"1123,86";"-";"-";"1762,54";"1741,72";"1587,99";"1600,50";"1441,43";"1508,80";"1414,34";"1537,31";"1396,19";"1216,40";"1118,13";"1452,47";"1301,78";"1286,83";"1190,64";"-";"-";"-";"-";"-";"-";"-";"-";"-";"-";"-";"-";"-";"-";"-";"-";"-"
"agosto 2022";"1270,77";"1425,83";"1447,17";"1196,80";"1127,84";"-";"-";"1766,96";"1745,41";"1591,36";"1603,52";"1444,09";"1511,44";"1417,23";"1542,21";"1401,82";"1221,86";"1130,14";"1460,82";"1310,73";"1293,95";"1198,43";"-";"-";"-";"-";"-";"-";"-";"-";"-";"-";"-";"-";"-";"-";"-";"-";"-"
"setembro 2022";"1270,10";"1425,45";"1447,31";"1196,25";"1127,15";"-";"-";"1771,50";"1749,20";"1595,10";"1607,06";"1447,35";"1514,91";"1421,32";"1541,92";"1404,82";"1224,65";"1133,54";"1465,32";"1314,39";"1298,55";"1202,31";"-";"-";"-";"-";"-";"-";"-";"-";"-";"-";"-";"-";"-";"-";"-";"-";"-"
"outubro 2022";"1269,36";"1424,70";"1447,59";"1195,94";"1126,65";"-";"-";"1769,31";"1748,61";"1593,22";"1606,72";"1445,59";"1514,68";"1421,49";"1541,08";"1406,40";"1225,82";"1133,34";"1462,84";"1312,06";"1295,86";"1200,28";"-";"-";"-";"-";"-";"-";"-";"-";"-";"-";"-";"-";"-";"-";"-";"-";"-"
"novembro 2022";"1267,57";"1423,09";"1445,37";"1194,05";"1124,95";"-";"-";"1767,52";"1747,85";"1591,91";"1606,07";"1444,58";"1514,20";"1421,72";"1539,12";"1405,94";"1224,82";"1133,40";"1462,57";"1311,93";"1295,94";"1200,44";"-";"-";"-";"-";"-";"-";"-";"-";"-";"-";"-";"-";"-";"-";"-";"-";"-"
"dezembro 2022";"1270,43";"1425,67";"1447,30";"1196,23";"1127,07";"-";"-";"1761,91";"1745,92";"1587,83";"1603,89";"1441,38";"1512,39";"1417,38";"1542,17";"1402,35";"1219,45";"1120,12";"1449,07";"1298,48";"1282,73";"1187,51";"-";"-";"-";"-";"-";"-";"-";"-";"-";"-";"-";"-";"-";"-";"-";"-";"-"
"janeiro 2023";"1300,37";"1459,47";"1482,43";"1225,02";"1154,14";"-";"-";"1802,11";"1789,28";"1624,12";"1644,03";"1473,85";"1549,83";"1455,63";"1578,22";"1439,69";"1249,64";"1142,01";"1483,38";"1329,67";"1312,97";"1216,29";"-";"-";"-";"-";"-";"-";"-";"-";"-";"-";"-";"-";"-";"-";"-";"-";"-"
"fevereiro 2023";"1301,35";"1460,19";"1482,77";"1225,99";"1155,15";"-";"-";"1798,37";"1786,80";"1621,45";"1641,96";"1471,85";"1548,17";"1452,98";"1578,75";"1438,41";"1248,08";"1140,50";"1478,68";"1325,31";"1308,45";"1212,14";"-";"-";"-";"-";"-";"-";"-";"-";"-";"-";"-";"-";"-";"-";"-";"-";"-"
"março 2023";"1300,35";"1459,23";"1481,51";"1224,82";"1154,22";"-";"-";"1815,29";"1802,36";"1637,64";"1657,45";"1487,53";"1563,47";"1468,97";"1577,64";"1438,74";"1248,48";"1133,94";"1474,99";"1322,01";"1305,15";"1209,10";"-";"-";"-";"-";"-";"-";"-";"-";"-";"-";"-";"-";"-";"-";"-";"-";"-"
"abril 2023";"1297,31";"1455,71";"1479,10";"1222,30";"1151,68";"-";"-";"1811,85";"1798,86";"1634,94";"1654,73";"1485,38";"1561,16";"1465,39";"1573,89";"1435,45";"1245,31";"1134,86";"1471,82";"1319,12";"1302,69";"1206,71";"-";"-";"-";"-";"-";"-";"-";"-";"-";"-";"-";"-";"-";"-";"-";"-";"-"
"maio 2023";"1294,44";"1452,55";"1474,91";"1219,91";"1149,43";"-";"-";"1812,17";"1799,17";"1635,50";"1655,57";"1485,86";"1561,95";"1467,29";"1570,20";"1433,48";"1242,77";"1128,69";"1465,05";"1313,67";"1296,67";"1202,06";"-";"-";"-";"-";"-";"-";"-";"-";"-";"-";"-";"-";"-";"-";"-";"-";"-"
"junho 2023";"1291,22";"1448,65";"1470,59";"1216,70";"1146,49";"-";"-";"1796,52";"1785,74";"1621,76";"1643,28";"1473,22";"1550,26";"1456,14";"1565,40";"1427,83";"1236,62";"1114,67";"1452,67";"1302,46";"1284,90";"1191,51";"-";"-";"-";"-";"-";"-";"-";"-";"-";"-";"-";"-";"-";"-";"-";"-";"-"
"julho 2023";"1287,53";"1444,53";"1467,08";"1212,99";"1143,07";"-";"-";"1785,57";"1775,73";"1611,77";"1633,88";"1463,87";"1541,27";"1450,00";"1560,56";"1422,31";"1230,92";"1112,11";"1446,94";"1296,79";"1279,64";"1186,37";"-";"-";"-";"-";"-";"-";"-";"-";"-";"-";"-";"-";"-";"-";"-";"-";"-"
"Fonte: IBGE - Sistema Nacional de Pesquisa de Custos e Índices da Construção Civil"

"Notas"
"1 - Ver moedas correntes e datas-base das séries em    http://www.ibge.gov.br/home/estatistica/indicadores/precos/sinapi/seriescustind.shtm"
"2 - Para obter outros dados sobre o SINAPI consulte a Caixa Econômica Federal no endereço http://www1.caixa.gov.br/gov/gov_social/municipal/programa_des_urbano/SINAPI/index.asp"
""
"Legenda"
"Símbolo";"Significado"
"-";"Zero absoluto, não resultante de um cálculo ou arredondamento.
Ex: Em determinado município não existem pessoas de 14 anos de idade sem instrução."
"0";"Zero resultante de um cálculo ou arredondamento.
Ex: A inflação do feijão em determinada Região Metropolitana foi 0.
Determinado município produziu 400 kg de sementes de girassol e os dados da tabela são expressos em toneladas."
"X";"Valor inibido para não identificar o informante.
Ex: Determinado município só possui uma empresa produtora de cimento, logo o valor de sua produção deve ser inibido."
"..";"Valor não se aplica.
Ex: Não se pode obter o total da produção agrícola em determinado município quando os produtos agrícolas são contabilizados com unidades de medida distintas."
"...";"Valor não disponível.
Ex: A produção de feijão em determinado município não foi pesquisada ou determinado município não existia no ano da pesquisa."
"A a Z
(exceto X)";"Significa uma faixa de valores. Varia em função da tabela (se for o caso).
Ex: O nível de precisão da produção estimada de combustíveis está na faixa A (95 a 100%)"
